names	ratings	season	year
Slayers	4.1	spring	1995
Tenchi Universe	4	spring	1995
H2	3.7	spring	1995
Jurassic Tripper	3.6	spring	1995
Street Fighter II V	3.4	spring	1995
Ping Pong Club	3.3	spring	1995
Sekai Meisaku Douwa Series: Wow! Maerchen Oukoku	2.9	spring	1995
Wild Knights Gulkeeva	2.8	spring	1995
Wedding Peach	2.6	spring	1995
Knyacki!	2.4	spring	1995
Gokinjo Monogatari	3.8	summer	1995
Nurse Angel Ririka SOS	3.1	summer	1995
Neon Genesis Evangelion	4.2	fall	1995
Saint Tail	3.8	fall	1995
Mojakou	3.7	fall	1995
El-Hazard: The Wanderers	3.5	fall	1995
Sorcerer Hunters	3.3	fall	1995
Virtua Fighter	3.1	fall	1995
Touma Kijin Den ONI	2.4	fall	1995
Romeo no Aoi Sora	4.3	winter	1995
Chibi Maruko-chan (1995)	3.4	winter	1995
Kuso Kagaku Sekai Gulliver Boy	3.3	winter	1995
Zenki	3.3	winter	1995
The Brave of Gold Goldran	3	winter	1995
Ninku	2.8	winter	1995
The Vision of Escaflowne	4	spring	1996
Cinderella Monogatari	3.6	spring	1996
Hell Teacher Nube	3.4	spring	1996
The Legend of Zorro	3.4	spring	1996
Lalala Lala-chan: Patapata Daisensou	2.3	summer	1996
Lalala Lala-chan	2.1	summer	1996
Pokemon Mystery Dungeon: Ginji's Rescue Team	3.5	summer	1996
Baron: The Cat Returns	3.9	summer	1996
Gon	3.7	summer	1996
Chouja Raideen	2.6	fall	1996
Rurouni Kenshin	4.4	winter	1996
Detective Conan	4.1	winter	1996
Bakusou Kyoudai Let's & Go!!	3.2	winter	1996
Dragon Ball GT	3.1	winter	1996
The Brave Command Dagwon	2.9	winter	1996
GeGeGe no Kitarou (1996)	2.9	winter	1996
Midori no Makibaoh	2.6	winter	1996
Slayers Try	4.2	spring	1997
Revolutionary Girl Utena	4	spring	1997
Kindaichi Shounen no Jikenbo	4	spring	1997
Cooking Master Boy	3.7	spring	1997
Pokemon	3.5	spring	1997
Hareluya II Boy	3.5	spring	1997
Hyper Police	3.4	spring	1997
Tenchi in Tokyo	3.4	spring	1997
Grander Musashi	3.3	spring	1997
Hakugei: Legend of the Moby Dick	3.2	spring	1997
CLAMP School Detectives	3.2	spring	1997
Haunted Junction	3	spring	1997
Tezuka Osamu no Kyuuyaku Seisho Monogatari: In the Beginning	3	spring	1997
Maze	3	spring	1997
Kero Kero Chime	2.9	spring	1997
Bamboo Bears	2.2	spring	1997
Chou Tokkyuu Hikarian	2.1	spring	1997
Yume no Crayon Oukoku	3.6	summer	1997
Flame of Recca	3.5	summer	1997
Tokyo Pig	2.9	summer	1997
Don't Leave Me Alone Daisy	2.1	summer	1997
Anime TV de Hakken! Tamagotchi	1.8	summer	1997
Azumi Mamma Mia	1.7	summer	1997
Berserk	4.3	fall	1997
Those Who Hunt Elves II	3.7	fall	1997
Battle Athletes Victory	3.5	fall	1997
Dr. Slump	3.4	fall	1997
Vampire Princess Miyu TV	3.3	fall	1997
Fortune Quest L	3.2	fall	1997
Chou Mashin Eiyuuden Wataru	3	fall	1997
Master of Mosquiton '99	3	fall	1997
Coji-Coji	2.5	fall	1997
Legend of the Mystical Ninja	2.2	fall	1997
Gakkyuu Ou Yamazaki	2.2	fall	1997
Virus Buster Serge	2	fall	1997
Nogsaegjeoncha Haemosu	2	fall	1997
Ehrgeiz	2	fall	1997
Shinkai Densetsu Meremanoid	1.8	fall	1997
Hanitarou Desu	1.6	fall	1997
GaoGaiGar	3.7	winter	1997
Bakusou Kyoudai Let's & Go!! WGP	3.6	winter	1997
Speed Racer X	3.2	winter	1997
Cutey Honey Flash	3.1	winter	1997
Eat-Man	2.9	winter	1997
Cowboy Bebop	4.5	spring	1998
Trigun	4.4	spring	1998
Initial D	4.3	spring	1998
Cardcaptor Sakura	4.1	spring	1998
Princess Nine	3.8	spring	1998
Record of Lodoss War: Chronicles of the Heroic Knight	3.7	spring	1998
Legend of Basara	3.6	spring	1998
Lost Universe	3.4	spring	1998
Yu-Gi-Oh!	3.4	spring	1998
Fancy Lala	3.3	spring	1998
Grander Musashi RV	3.2	spring	1998
Ginga Hyouryuu Vifam 13	3.1	spring	1998
Beast Wars II Chou Seimeitai Transformers	3.1	spring	1998
Knight Hunters	2.9	spring	1998
Oh! My Goddess: The Adventures of Mini-Goddess	2.9	spring	1998
Futari Gurashi	2.9	spring	1998
Neo Ranga	2.7	spring	1998
Android Announcer Maico 2010	2.7	spring	1998
Cyberteam in Akihabara	2.7	spring	1998
Sentimental Journey	2.7	spring	1998
Alice SOS	2.6	spring	1998
Himitsu no Akko-chan 3	2.5	spring	1998
Seupideuwang Beongae	2.5	spring	1998
Brain Powerd	2.4	spring	1998
DT Eightron	2.3	spring	1998
YAT Anshin! Uchuu Ryokou 2	2.3	spring	1998
Nazca	2.2	spring	1998
Nessa no Haou Gandalla	1.7	spring	1998
Takoyaki Mant-Man	1.6	spring	1998
Serial Experiments Lain	4	summer	1998
Shadow Skill TV	3.5	summer	1998
Nightwalker: The Midnight Detective	3.2	summer	1998
Super Radical Gag Family	2.9	summer	1998
Momoiro Sisters	2.6	summer	1998
Hatsumei Boy Kanipan	2.3	summer	1998
Super Milk-chan	2.2	summer	1998
Monkey Magic	2.2	summer	1998
Master Keaton	4	fall	1998
His and Her Circumstances	3.9	fall	1998
Saber Marionette J to X	3.7	fall	1998
Dokkiri Doctor	3.6	fall	1998
Orphen	3.6	fall	1998
Bubblegum Crisis: Tokyo 2040	3.6	fall	1998
Popolocrois Monogatari	3.5	fall	1998
Ojarumaru	3.4	fall	1998
Generator Gawl	3.4	fall	1998
Eat-Man '98	3.3	fall	1998
Mamotte Shugogetten!	3.1	fall	1998
Kurogane Communication	3.1	fall	1998
Chousoku Spinner	3	fall	1998
Gasaraki	3	fall	1998
Steam Detectives	3	fall	1998
The Devil Lady	2.9	fall	1998
If I See You in My Dreams	2.8	fall	1998
Let's Nupu Nupu	2.6	fall	1998
Saint Luminous Jogakuin	2.6	fall	1998
Super Doll Licca-chan	2.5	fall	1998
Flint the Time Detective	2.5	fall	1998
Yoiko	2.4	fall	1998
Totsugeki! Pappara-tai	2.3	fall	1998
Hanasaka Tenshi Tenten-kun	1.7	fall	1998
Outlaw Star	4.2	winter	1998
Sexy Commando Gaiden Sugoiyo!! Masaru-san	3.6	winter	1998
El-Hazard: The Alternative World	3.5	winter	1998
Fushigi Mahou Fun Fun Pharmacy	3.4	winter	1998
Bakusou Kyoudai Let's & Go!! MAX	3.3	winter	1998
Silent Mobius	3.2	winter	1998
Burn Up! Excess	3.1	winter	1998
All Purpose Cultural Cat Girl Nuku Nuku TV	3	winter	1998
Bomberman B-Daman Bakugaiden	2.6	winter	1998
AWOL: Absent Without Leave	2.1	winter	1998
Gokudo	4	spring	1999
You're Under Arrest: Mini-Specials	3.8	spring	1999
Dual! Parallel Trouble Adventures	3.7	spring	1999
Sensual Phrase	3.7	spring	1999
Turn A Gundam	3.7	spring	1999
BuBu ChaCha	3.6	spring	1999
Shin Hakkenden	3.1	spring	1999
To Heart	3.1	spring	1999
Monster Rancher	3	spring	1999
Jubei-chan: The Ninja Girl	3	spring	1999
Betterman	3	spring	1999
Starship Girl Yamamoto Yohko	2.9	spring	1999
Eden's Bowy	2.9	spring	1999
Arc the Lad	2.8	spring	1999
Corrector Yui	2.8	spring	1999
Power Stone	2.7	spring	1999
I'm Gonna Be An Angel!	2.7	spring	1999
Psybuster	2.7	spring	1999
AD Police	2.7	spring	1999
Angel Links	2.6	spring	1999
D4 Princess	2.5	spring	1999
Nippon-ichi no Otoko no Tamashii 2	2.1	spring	1999
Aesop's World	1.9	spring	1999
Great Teacher Onizuka	4.5	summer	1999
Ebichu	3.6	summer	1999
Cybersix	3.5	summer	1999
Soul Hunter	3.5	summer	1999
The Legend of Black Heaven	3.4	summer	1999
Medabots	3.2	summer	1999
Magic User's Club	3.2	summer	1999
Aoi and Mutsuki: A Pair of Queens	3.1	summer	1999
Barbapapa Sekai wo Mawaru	2.8	summer	1999
Kyoro-chan	2.8	summer	1999
Kakyuusei	2.8	summer	1999
Nekojiru Gekijou	2.7	summer	1999
Koume-chan ga Iku!	2.6	summer	1999
Colorful	2.4	summer	1999
Ai no Wakakusa Yama Monogatari	2.2	summer	1999
Reign: The Conqueror	2.1	summer	1999
Let's dance with Papa	1.9	summer	1999
One Piece	4.4	fall	1999
Hunter x Hunter	4.4	fall	1999
Initial D Second Stage	4.3	fall	1999
Now and Then, Here and There	4	fall	1999
Infinite Ryvius	3.8	fall	1999
Excel Saga	3.7	fall	1999
Ayatsuri Sakon	3.7	fall	1999
Jibaku-kun: Twelve World Story	3.6	fall	1999
The Big O	3.6	fall	1999
Cyborg Kuro-chan	3.5	fall	1999
Blue Gender	3.4	fall	1999
Steel Angel Kurumi	3.4	fall	1999
Orphen Revenge	3.3	fall	1999
Dai-Guard	3.3	fall	1999
Omishi Magical Theater: Risky Safety	3.1	fall	1999
Wild Arms: Twilight Venom	3.1	fall	1999
Di Gi Charat	3.1	fall	1999
Trouble Chocolate	2.7	fall	1999
Seraphim Call	2.6	fall	1999
Rerere no Tensai Bakabon	2.6	fall	1999
Ippatsu Kikimusume	2.6	fall	1999
Crest of the Stars	4.1	winter	1999
Digimon Season 1: Digital Monsters	3.8	winter	1999
Phantom Thief Jeanne	3.7	winter	1999
Bakukyuu Renpatsu! Super B-Daman	3.2	winter	1999
Space Pirate Mito	3.1	winter	1999
Iketeru Futari	3.1	winter	1999
Chou Hatsumei Boy Kanipan	3.1	winter	1999
Ojamajo Doremi	3	winter	1999
Chou Seimeitai Transformers: Beast Wars Neo	3	winter	1999
Legend of Himiko	3	winter	1999
Bomberman B-Daman Bakugaiden V	2.6	winter	1999
Nippon-ichi no Otoko no Tamashii	2.3	winter	1999
Banner of the Stars	4.1	spring	2000
Saiyuki	3.8	spring	2000
Zoids: Guardian Force	3.8	spring	2000
Daa! Daa! Daa!	3.7	spring	2000
Love Hina	3.7	spring	2000
Hidamari no Ki	3.7	spring	2000
Mahoujin Guru Guru Doki Doki Legend	3.7	spring	2000
Yu-Gi-Oh! Duel Monsters	3.6	spring	2000
Ceres, Celestial Legend	3.4	spring	2000
Sakura Wars TV	3.3	spring	2000
Gatekeepers	3.2	spring	2000
NieA Under 7	3.2	spring	2000
Monster Rancher 2	3.2	spring	2000
Transformers: Robots in Disguise	3.1	spring	2000
Kaitou Kiramekiman	2.8	spring	2000
Boys Be...	2.7	spring	2000
Platinumhugen Ordian	2.6	spring	2000
Uchuujin Tanaka Tarou	2.6	spring	2000
Hero Hero-kun	2.4	spring	2000
Anime Roukyoku Kikou Shimizu no Jirochouden	2.2	spring	2000
Inspector Fabre	1.9	spring	2000
Brigadoon	3.7	summer	2000
Hand Maid May	3.4	summer	2000
Medabots Damashii	3.1	summer	2000
Strange Dawn	2.9	summer	2000
Hamtaro	2.6	summer	2000
Hajime no Ippo: The Fighting!	4.6	fall	2000
InuYasha	3.9	fall	2000
Ghost Stories	3.9	fall	2000
Vandread	3.8	fall	2000
Shoubushi Densetsu Tetsuya	3.8	fall	2000
Gravitation	3.5	fall	2000
Gear Fighter Dendoh	3.4	fall	2000
Descendants of Darkness	3.4	fall	2000
Argento Soma	3.3	fall	2000
Dotto Koni-chan	3.3	fall	2000
Android Kikaider	3.2	fall	2000
Shin Megami Tensei: Devil Children	3	fall	2000
Sci-fi Harry	2.6	fall	2000
Clockwork Fighters: Hiwou's War	2.4	fall	2000
Tri-Zenon	2.4	fall	2000
Hamster Club	2.3	fall	2000
Baby Felix	1.6	fall	2000
Carried By The Wind: Tsukikage Ran	3.4	winter	2000
Shinzo	3.4	winter	2000
Ojamajo Doremi #	3.3	winter	2000
Boogiepop Phantom	3.3	winter	2000
Candidate for Goddess	2.9	winter	2000
Nyani ga Nyandaa Nyandaa Kamen	2.8	winter	2000
Mon Colle Knights	2.7	winter	2000
Miami Guns	2.7	winter	2000
The Super Milk-chan Show	2.1	winter	2000
Popee the Performer	2.1	winter	2000
Haré+Guu	4.1	spring	2001
You're Under Arrest! Fast & Furious	4	spring	2001
Rune Soldier	3.7	spring	2001
Legend of the Condor Hero	3.7	spring	2001
Super GALS!	3.7	spring	2001
Angelic Layer	3.6	spring	2001
Figure 17	3.6	spring	2001
Noir	3.6	spring	2001
Pretear	3.6	spring	2001
Digimon Season 3: Tamers	3.5	spring	2001
Shingu: Secret of the Stellar Wars	3.5	spring	2001
Zone of the Enders: Dolores	3.5	spring	2001
Project ARMS	3.4	spring	2001
Dennou Boukenki Webdiver	3.4	spring	2001
Daisuki! BuBu ChaCha	3.4	spring	2001
Offside	3.3	spring	2001
Galaxy Angel	3.3	spring	2001
Hanaukyo Maid Team	3.2	spring	2001
Star Ocean EX	3.2	spring	2001
Cosmic Baton Girl Comet-san	3.1	spring	2001
Tantei Shounen Kageman	3.1	spring	2001
Comic Party	3.1	spring	2001
Sister Princess	2.9	spring	2001
Steel Angel Kurumi 2	2.9	spring	2001
Chance Pop Session	2.9	spring	2001
Geneshaft	2.8	spring	2001
Ask Dr. Rin!	2.8	spring	2001
Go! Go! Itsutsugo Land	2.8	spring	2001
SoulTaker	2.7	spring	2001
BASToF Syndrome	2.4	spring	2001
Great Dangaioh	2	spring	2001
Gyouten Ningen Batsealer	1.7	spring	2001
RUN=DIM	1.6	spring	2001
Mini Moni Yaru no da Pyon!	1.3	spring	2001
Banner of the Stars II	4.2	summer	2001
Fruits Basket	4.1	summer	2001
Shaman King	3.9	summer	2001
Baki the Grappler: Maximum Tournament	3.8	summer	2001
Scryed	3.7	summer	2001
Strawberry Eggs	3.4	summer	2001
Cosmo Warrior Zero	3.2	summer	2001
Samurai Girl: Real Bout High School	2.5	summer	2001
Magical Meow Meow Taruto	2.5	summer	2001
Nono-chan	2.2	summer	2001
Kinniku Banzuke: Kongou-kun no Bouken	1.4	summer	2001
Hikaru no Go	4.2	fall	2001
Hellsing	4.1	fall	2001
Vandread: The Second Stage	4	fall	2001
The Prince of Tennis	4	fall	2001
Mahoromatic	3.7	fall	2001
X TV	3.7	fall	2001
Kaze no Yojimbo	3.7	fall	2001
Project ARMS: The 2nd Chapter	3.6	fall	2001
Captain Tsubasa: Road to 2002	3.5	fall	2001
Rave Master	3.4	fall	2001
Shiawase-sou no Okojo-san	3.2	fall	2001
A Little Snow Fairy Sugar	3.1	fall	2001
Cyborg 009: The Cyborg Soldier	3.1	fall	2001
Angel Tales	3	fall	2001
Crush Gear Turbo	2.7	fall	2001
Kokoro Toshokan	2.7	fall	2001
Kasumin	2.7	fall	2001
Kirby: Right Back At Ya!	2.7	fall	2001
Final Fantasy: Unlimited	2.6	fall	2001
Geisters: Fractions of the Earth	2.5	fall	2001
Najica Blitz Tactics	2.4	fall	2001
Babel II: Beyond Infinity	2.3	fall	2001
Fighting Foodons	2.2	fall	2001
Vampiyan Kids	2.2	fall	2001
Piroppo	1.6	fall	2001
Salaryman Kintaro	4	winter	2001
Zoids: New Century/Zero	3.9	winter	2001
Motto! Ojamajo Doremi	3.7	winter	2001
Baki the Grappler	3.7	winter	2001
The Daichis: Earth's Defense Family	3.4	winter	2001
Sadamitsu the Destroyer	3.3	winter	2001
Arjuna	3.1	winter	2001
Tales of Eternia	2.9	winter	2001
Beyblade	2.6	winter	2001
Parappa the Rapper	2.1	winter	2001
Azumanga Daioh	4.1	spring	2002
The Twelve Kingdoms	4.1	spring	2002
Full Moon wo Sagashite	4	spring	2002
Chobits	3.9	spring	2002
Whistle!	3.8	spring	2002
Tenchi Muyo! GXP	3.8	spring	2002
Cheeky Angel	3.7	spring	2002
Magical Shopping Arcade Abenobashi	3.7	spring	2002
Ai Yori Aoshi	3.6	spring	2002
Jing: King of Bandits	3.6	spring	2002
.hack//SIGN	3.5	spring	2002
Atashinchi	3.4	spring	2002
Pita-Ten	3.2	spring	2002
Tokyo Underground	3.2	spring	2002
Digimon Season 4: Frontier	3.2	spring	2002
Happy Lesson	3.2	spring	2002
MegaMan: NT Warrior	3.1	spring	2002
Tokyo Mew Mew	3.1	spring	2002
Gun Frontier	3.1	spring	2002
Mirmo Zibang!	3	spring	2002
Bakuto Sengen Daigander	2.9	spring	2002
Rizelmine	2.9	spring	2002
Psychic Academy	2.8	spring	2002
Denkou Chou Tokkyuu Hikarian	2.5	spring	2002
Wild 7: Another	1.9	spring	2002
Letchu, Getchu, Saru Getchu	1.8	spring	2002
Forza! Mario	1.5	spring	2002
Princess Tutu	4.1	summer	2002
Witch Hunter Robin	3.7	summer	2002
Saikano	3.6	summer	2002
Samurai Deeper Kyo	3.5	summer	2002
Dragon Drive	3.2	summer	2002
UFO Ultramaiden Valkyrie	3.1	summer	2002
Shrine of the Morning Mist	2.7	summer	2002
Demon Lord Dante	2.5	summer	2002
Mao-chan	2.4	summer	2002
G-On Riders	2.3	summer	2002
Ghost in the Shell: Stand Alone Complex	4.4	fall	2002
Hanada Shounen-shi	4.2	fall	2002
Haibane Renmei	4.2	fall	2002
Mobile Suit Gundam SEED	4.1	fall	2002
Naruto	4.1	fall	2002
Hungry Heart: Wild Striker	4	fall	2002
Get Backers	3.8	fall	2002
Petite Princess Yucie	3.8	fall	2002
Mahoromatic 2	3.8	fall	2002
Galaxy Angel A	3.6	fall	2002
Spiral	3.6	fall	2002
Kiddy Grade	3.5	fall	2002
Heat Guy J	3.5	fall	2002
Overman King Gainer	3.2	fall	2002
Asobotto Senki Goku	3.1	fall	2002
Shin Megami Tensei Devil Children: Light & Dark	3	fall	2002
Knight Hunters: Eternity	3	fall	2002
Gravion	2.8	fall	2002
Sister Princess Re Pure	2.6	fall	2002
Piano: The Melody of a Young Girl's Heart	2.5	fall	2002
Bomberman Jetters	2.5	fall	2002
Kikou Sennyo Rouran	2.3	fall	2002
Kasumin 2nd Season	2.3	fall	2002
Platonic Chain	2.1	fall	2002
Duel Masters	2.1	fall	2002
Shin Seiki Den Mars	2.1	fall	2002
Barom One	1.7	fall	2002
Full Metal Panic!	4.2	winter	2002
RahXephon	3.8	winter	2002
Please Teacher	3.8	winter	2002
Ojamajo Doremi DOKKAAN!	3.8	winter	2002
Kanon	3.6	winter	2002
Patapata Hikousen no Bouken	3.5	winter	2002
Galaxy Angel Z	3.5	winter	2002
Nana Seven of Seven	3.1	winter	2002
Panyo Panyo Di Gi Charat	3	winter	2002
Mirage of Blaze	2.9	winter	2002
Aquarian Age	2.7	winter	2002
Beyblade: V-Force	2.7	winter	2002
Ultimate Muscle	2.6	winter	2002
Harmagedon TV	2	winter	2002
Kino's Journey	4.4	spring	2003
Last Exile	4.2	spring	2003
Kaleido Star	4.1	spring	2003
Detective Academy Q	4	spring	2003
Scrapped Princess	3.9	spring	2003
Stellvia of the Universe	3.8	spring	2003
Mythical Detective Loki Ragnarok	3.7	spring	2003
Croket!	3.6	spring	2003
D.N.Angel	3.6	spring	2003
Texhnolyze	3.6	spring	2003
Ultra Maniac	3.4	spring	2003
Zatch Bell!	3.3	spring	2003
Ninja Scroll: The Series	3.2	spring	2003
E's Otherwise	3.2	spring	2003
Mermaid Melody: Pichi Pichi Pitch	3.2	spring	2003
The World of Narue	3.2	spring	2003
Dear Boys	3.2	spring	2003
Air Master	3.2	spring	2003
Di Gi Charat Nyo	3.1	spring	2003
Gad Guard	3.1	spring	2003
Astro Boy (2003)	3	spring	2003
Bouken Yuuki Pluster World	3	spring	2003
Angel Tales 2	2.9	spring	2003
Human Crossing	2.9	spring	2003
Sonic X	2.6	spring	2003
Submarine Super 99	2.6	spring	2003
Saint Beast	2.4	spring	2003
Wandaba Style	2.2	spring	2003
Kasumin 3rd Season	2	spring	2003
Firestorm	1.7	spring	2003
Full Metal Panic? Fumoffu	4.4	summer	2003
Rumiko Takahashi Anthology	3.7	summer	2003
Please Twins	3.6	summer	2003
Happy Lesson Advance	3.3	summer	2003
Da Capo	3.3	summer	2003
Dokkoida?!	3.3	summer	2003
IGPX: Immortal Grand Prix (2003)	3.1	summer	2003
Ikkitousen	3	summer	2003
Green Green	2.9	summer	2003
Shadow Star Narutaru	2.7	summer	2003
Popotan	2.7	summer	2003
Michel	2.5	summer	2003
Cinderella Boy	2.5	summer	2003
Divergence Eve	2.4	summer	2003
Mini Moni the TV	1.7	summer	2003
Fullmetal Alchemist	4.4	fall	2003
Planetes	4.3	fall	2003
Gungrave	4.1	fall	2003
Chrono Crusade	4	fall	2003
Uninhabited Planet Survive	4	fall	2003
Read Or Die TV	4	fall	2003
Cromartie High School	3.9	fall	2003
Saiyuki Reload	3.8	fall	2003
Gunslinger Girl	3.8	fall	2003
Rumbling Hearts	3.8	fall	2003
Ai Yori Aoshi Enishi	3.7	fall	2003
Lunar Legend Tsukihime	3.7	fall	2003
Peace Maker Kurogane	3.7	fall	2003
Twin Spica	3.6	fall	2003
Requiem from the Darkness	3.5	fall	2003
Rockman EXE Axess	3.4	fall	2003
UFO Ultramaiden Valkyrie 2: December Nocturne	3.4	fall	2003
Maburaho	3.4	fall	2003
Mermaid Forest TV	3.4	fall	2003
The Galaxy Railways	3.2	fall	2003
PopoloCrois	3.1	fall	2003
Yamibo: Darkness, The Hat and the Travelers of the Books	3	fall	2003
Godannar	2.9	fall	2003
Papuwa	2.8	fall	2003
Gilgamesh	2.8	fall	2003
Ocha-ken: Chokotto Monogatari	2.7	fall	2003
Bottle Fairy	2.6	fall	2003
F-Zero Falcon Densetsu	2.6	fall	2003
Sou Nanda	2.6	fall	2003
Avenger	2.5	fall	2003
Bobobo-bo Bo-bobo	2.5	fall	2003
Midnight Horror School	1.9	fall	2003
Cubix - Robots For Everyone	1.9	fall	2003
Wolf's Rain	4	winter	2003
Ashita no Nadja	3.8	winter	2003
Gunparade March	3.4	winter	2003
.hack//Legend Of The Twilight	3.3	winter	2003
Someday's Dreamers	3.3	winter	2003
Stratos 4	3.3	winter	2003
Nanaka 6/17	3.1	winter	2003
Transformers: Armada	3.1	winter	2003
Licensed by Royal	2.9	winter	2003
Beyblade: G Revolution	2.7	winter	2003
Mouse	2.5	winter	2003
Lime-iro Senkitan	2.5	winter	2003
Crush Gear Nitro	2.5	winter	2003
Shutsugeki! Machine Robo Rescue	2.4	winter	2003
Ga-Ra-Ku-Ta: Mr. Stain on Junk Alley	2.4	winter	2003
Beast Fighter: The Apocalypse	1.7	winter	2003
Greek Roman Sinhwa Olympus Guardian	1.6	winter	2003
Monster	4.4	spring	2004
Samurai Champloo	4.4	spring	2004
Initial D Fourth Stage	4.4	spring	2004
Shura no Toki: Age of Chaos	4.1	spring	2004
Saiyuki Reload Gunlock	3.9	spring	2004
Sgt. Frog	3.9	spring	2004
Aishiteruze Baby	3.9	spring	2004
Kyo Kara Maoh!	3.9	spring	2004
Midori Days	3.9	spring	2004
New Getter Robo	3.8	spring	2004
Tetsujin 28-gou (2004)	3.8	spring	2004
Mars Daybreak	3.7	spring	2004
GANTZ	3.6	spring	2004
Koi Kaze	3.6	spring	2004
Tenjho Tenge	3.6	spring	2004
Tweeny Witches	3.5	spring	2004
Phoenix	3.5	spring	2004
Dan Doh!!	3.4	spring	2004
Hanaukyo Maid Team: La Verite	3.4	spring	2004
Madlax	3.4	spring	2004
This Ugly Yet Beautiful World	3.4	spring	2004
Godannar 2nd Season	3.4	spring	2004
Mermaid Melody Pichi Pichi Pitch Pure	3.4	spring	2004
Burst Angel	3.3	spring	2004
Kinnikuman II Sei: Ultimate Muscle	3.1	spring	2004
Doki Doki School Hours	3.1	spring	2004
Get Ride! AM Driver	2.9	spring	2004
Sore Ike! Zukkoke Sannin-gumi	2.8	spring	2004
Ragnarok: The Animation	2.8	spring	2004
Legendz: Tale of the Dragon Kings	2.7	spring	2004
The Melody of Oblivion	2.7	spring	2004
Zettai Zetsumei Dangerous Jiisan	2.6	spring	2004
Panda-Z: The Robonimation	2.6	spring	2004
The Marshmallow Times	2.6	spring	2004
Duel Masters Charge	2.5	spring	2004
Elfen Lied	4.2	summer	2004
Maria Watches Over Us Season 2	4	summer	2004
Samurai 7	4	summer	2004
Kurau: Phantom Memory	3.7	summer	2004
Monkey Punch: Manga Katsudou Daishashin	3.6	summer	2004
Fafner	3.5	summer	2004
Galaxy Angel X	3.5	summer	2004
Space Symphony Maetel: Ginga Tetsudou 999 Gaiden	3.4	summer	2004
DearS	3.3	summer	2004
Ninja Nonsense	3.3	summer	2004
Otogi Zoshi	3.2	summer	2004
Girls Bravo	3.2	summer	2004
Agatha Christie's Great Detectives Poirot and Marple	3	summer	2004
Monkey Turn V	2.8	summer	2004
Tsuki wa Higashi ni Hi wa Nishi ni: Operation Sanctuary	2.6	summer	2004
Wind: A Breath of Heart	2.5	summer	2004
Sweet Valerian	2.1	summer	2004
Post Pet Momobin	1.7	summer	2004
Major Season 1	4.4	fall	2004
BECK: Mongolian Chop Squad	4.4	fall	2004
Gankutsuou: The Count of Monte Cristo	4.2	fall	2004
School Rumble	4.1	fall	2004
Bleach	4.1	fall	2004
Genshiken	4.1	fall	2004
Yakitate!! Japan	4.1	fall	2004
Gakuen Alice	4	fall	2004
My-Hime	3.9	fall	2004
Mobile Suit Gundam SEED Destiny	3.9	fall	2004
Zipang	3.9	fall	2004
Rozen Maiden	3.8	fall	2004
Magical Girl Lyrical Nanoha	3.8	fall	2004
Windy Tales	3.7	fall	2004
Black Jack	3.7	fall	2004
Desert Punk	3.6	fall	2004
Rockman.EXE Stream	3.6	fall	2004
Fantastic Children	3.6	fall	2004
Tsukuyomi -Moon Phase-	3.6	fall	2004
Tactics	3.6	fall	2004
Haruka: Beyond the Stream of Time – A Tale of the Eight Guardians	3.4	fall	2004
Grenadier	3.3	fall	2004
Beet the Vandel Buster	3.3	fall	2004
Utakata	3.3	fall	2004
Destiny of the Shrine Maiden	3.2	fall	2004
Onmyou Taisenki	3.2	fall	2004
Final Approach	3.2	fall	2004
Yu-Gi-Oh! GX	3.1	fall	2004
To Heart: Remember My Memories	3.1	fall	2004
Futakoi	3.1	fall	2004
Zoids: Fuzors	3	fall	2004
Ring ni Kakero 1	2.8	fall	2004
Meine Liebe	2.8	fall	2004
Kimagure Robot	2.8	fall	2004
Kappa no Kaikata	2.8	fall	2004
Ghost in the Shell: Stand Alone Complex 2nd Gig	4.5	winter	2004
Gokusen	3.9	winter	2004
Paranoia Agent	3.9	winter	2004
Maria Watches Over Us	3.7	winter	2004
Area 88 TV	3.5	winter	2004
Yugo the Negotiator	3.5	winter	2004
Mezzo	3.3	winter	2004
Jubei-chan 2	3.3	winter	2004
Diamond Daydreams	3.1	winter	2004
Daphne in the Brilliant Blue	3.1	winter	2004
Kaiketsu Zorori	3.1	winter	2004
Gravion Zwei	3	winter	2004
Pretty Cure	2.9	winter	2004
Burn Up! Scramble	2.7	winter	2004
Transformers: Energon	2.7	winter	2004
Divergence Eve: Misaki Chronicles	2.6	winter	2004
Yumeria	2.6	winter	2004
B-Legend! Battle B-Daman	2.5	winter	2004
Monkey Turn	2	winter	2004
SD Gundam Force	1.9	winter	2004
Cosprayers	1.8	winter	2004
Glass Mask (2005)	4.2	spring	2005
Eureka Seven	4.2	spring	2005
Eyeshield 21	4.1	spring	2005
Honey and Clover	4	spring	2005
Emma: A Victorian Romance	4	spring	2005
GaoGaiGar FINAL Grand Glorious Gathering	4	spring	2005
Tsubasa Reservoir Chronicle	4	spring	2005
The Law of Ueki	3.9	spring	2005
Doraemon (2005)	3.9	spring	2005
Basilisk	3.8	spring	2005
Speed Grapher	3.8	spring	2005
Trinity Blood	3.8	spring	2005
Elemental Gelade	3.7	spring	2005
Zoids: Genesis	3.6	spring	2005
Mar	3.6	spring	2005
Fushigiboshi no Futagohime	3.6	spring	2005
Aquarion	3.5	spring	2005
Loveless	3.4	spring	2005
Futakoi Alternative	3.3	spring	2005
The Snow Queen	3.3	spring	2005
Ichigo 100%	3.3	spring	2005
Best Student Council	3.2	spring	2005
Onegai My Melody	3.1	spring	2005
Zettai Shounen	3.1	spring	2005
He is My Master	3.1	spring	2005
Comic Party Revolution	3	spring	2005
Nanami-chan 2nd Series	2.7	spring	2005
Izumo: Flash of a Brave Sword	2.6	spring	2005
Koi Koi Seven	2.3	spring	2005
Shinshaku Sengoku Eiyuu Densetsu Sanada Juu Yuushi The Animation TV	2.1	spring	2005
Full Metal Panic! The Second Raid	4.4	summer	2005
Strawberry Marshmallow	4.1	summer	2005
Shuffle!	3.8	summer	2005
Guyver: The Bioboosted Armor (2005)	3.7	summer	2005
Suzuka	3.7	summer	2005
Kamichu!	3.7	summer	2005
Gun x Sword	3.7	summer	2005
Paniponi Dash!	3.6	summer	2005
Sugar Sugar Rune	3.6	summer	2005
Da Capo Second Season	3.5	summer	2005
Tide-Line Blue	3.2	summer	2005
Ah My Buddha!!	3	summer	2005
Petopeto-san	2.9	summer	2005
Okusama wa Joshikousei	2.8	summer	2005
Patalliro Saiyuki!	2.7	summer	2005
Kidou Shinsengumi Moeyo Ken TV	2.7	summer	2005
Okusama wa Mahou Shoujo	2.7	summer	2005
Akahori Gedou Hour Rabuge: Zettai Seigi Love Pheromone	2.4	summer	2005
G.I. Joe: Sigma 6	2.4	summer	2005
Akahori Gedou Hour Rabuge: Sore Yuke! Gedou Otometai	2.3	summer	2005
Play Ball	2.2	summer	2005
Mushishi	4.5	fall	2005
Major Season 2	4.4	fall	2005
Magical Girl Lyrical Nanoha A's	4.2	fall	2005
Capeta	4.2	fall	2005
Shakugan no Shana	4.1	fall	2005
Paradise Kiss	4.1	fall	2005
Akagi	4.1	fall	2005
Rozen Maiden: Träumend	4.1	fall	2005
Blood+	3.9	fall	2005
Noein: To Your Other Self	3.9	fall	2005
Hell Girl	3.9	fall	2005
Black Cat	3.9	fall	2005
Aria the Animation	3.8	fall	2005
Mai-Otome	3.8	fall	2005
Karin	3.8	fall	2005
Solty Rei	3.8	fall	2005
Ginban Kaleidoscope	3.7	fall	2005
Jang Geum Ieui Kkum	3.6	fall	2005
Ginga Densetsu Weed	3.5	fall	2005
Angel Heart	3.5	fall	2005
IGPX: Immortal Grand Prix	3.5	fall	2005
Rockman.EXE Beast	3.4	fall	2005
Lamune	3.3	fall	2005
Canvas 2 ~Niji Iro no Sketch~	3.3	fall	2005
Beet the Vandel Buster Excellion	3.3	fall	2005
Gaiking: Legend of Daiku-Maryu	3.3	fall	2005
To Heart 2	3.1	fall	2005
Mix Master: King of Cards	2.9	fall	2005
Animal Yokocho	2.9	fall	2005
Gunparade Orchestra	2.8	fall	2005
Kakutou Bijin Wulong	2.7	fall	2005
Happy Seven	2.7	fall	2005
Idaten Jump	2.6	fall	2005
Cluster Edge	2.6	fall	2005
Kotenkotenko	2	fall	2005
Ah! My Goddess TV	3.9	winter	2005
Mahoraba: Heartful Days	3.8	winter	2005
Air	3.7	winter	2005
Damekko Doubutsu	3.7	winter	2005
Negima!	3.6	winter	2005
Gag Manga Biyori	3.5	winter	2005
Gallery Fake	3.5	winter	2005
Starship Operators	3.4	winter	2005
Girls Bravo: Second Season	3.4	winter	2005
Peach Girl	3.4	winter	2005
Sukisho	3.3	winter	2005
Pretty Cure Max Heart	3.2	winter	2005
Buzzer Beater	3.1	winter	2005
Xenosaga	3	winter	2005
Transformers: Cybertron	2.9	winter	2005
Magical Canan	2.8	winter	2005
B-Legend! Battle B-Daman Fire Spirits!	2.7	winter	2005
Jinki:Extend	2.6	winter	2005
Lime-iro Ryuukitan X	2.3	winter	2005
D.I.C.E.	2.2	winter	2005
Majime ni Fumajime Kaiketsu Zorori	2.2	winter	2005
Ultimate Girls	2.1	winter	2005
Pandalian	2	winter	2005
Ouran High School Host Club	4.4	spring	2006
Gintama	4.4	spring	2006
Black Lagoon	4.4	spring	2006
Nana	4.3	spring	2006
School Rumble: 2nd Semester	4.3	spring	2006
Aria the Natural	4.3	spring	2006
The Melancholy of Haruhi Suzumiya	4.3	spring	2006
When They Cry: Higurashi	4.3	spring	2006
The Story of Saiunkoku	4.2	spring	2006
xxxHOLiC	4.2	spring	2006
Tsubasa Reservoir Chronicle 2nd Season	4.1	spring	2006
Utawarerumono	4.1	spring	2006
Ah! My Goddess: Flights of Fancy	4	spring	2006
Air Gear	4	spring	2006
The Third: The Girl with the Blue Eye	3.9	spring	2006
Zegapain	3.8	spring	2006
IGPX: Immortal Grand Prix 2nd Season	3.8	spring	2006
Kiba	3.8	spring	2006
Black Jack 21	3.8	spring	2006
Jyu-Oh-Sei	3.8	spring	2006
Inukami!	3.6	spring	2006
Kamisama Kazoku	3.6	spring	2006
Witchblade	3.6	spring	2006
Princess Princess	3.6	spring	2006
Strawberry Panic	3.6	spring	2006
Oban Star-Racers	3.6	spring	2006
Rockman.EXE Beast+	3.6	spring	2006
Simoun	3.6	spring	2006
.hack//Roots	3.5	spring	2006
Kirarin Revolution	3.5	spring	2006
Fushigiboshi no Futagohime Gyu!	3.4	spring	2006
Magical Pokan	3.4	spring	2006
Onegai My Melody: Kuru Kuru Shuffle!	3.4	spring	2006
Disgaea	3.3	spring	2006
Tokko	3.3	spring	2006
Welcome to the NHK!	4.4	summer	2006
Honey and Clover II	4.3	summer	2006
The Familiar of Zero	4	summer	2006
We Were There	3.7	summer	2006
Kemonozume	3.6	summer	2006
Gag Manga Biyori 2	3.5	summer	2006
Le Chevalier D'Eon	3.5	summer	2006
Tonagura!	3.4	summer	2006
Save Me! Lollipop	3.3	summer	2006
Coyote Ragtime Show	3.3	summer	2006
Binbou Shimai Monogatari	3.3	summer	2006
Ramen Fighter Miki	3.3	summer	2006
Project Blue Earth SOS	3.3	summer	2006
Innocent Venus	3.3	summer	2006
Koi Suru Tenshi Angelique: Kokoro no Mezameru Toki	3.3	summer	2006
Chokotto Sister	3.2	summer	2006
Fairy Musketeers	3.1	summer	2006
Night Head Genesis	3	summer	2006
Tsuyokiss: Cool x Sweet	3	summer	2006
Nanami-chan 3rd Series	2.8	summer	2006
Kujibiki Unbalance	2.6	summer	2006
Powerpuff Girls Z	2.3	summer	2006
Naikaku Kenryoku Hanzai Kyousei Torishimarikan Zaizen Joutarou	2	summer	2006
Patta Potta Monta	1.5	summer	2006
Hanoka	1.4	summer	2006
Code Geass: Lelouch of the Rebellion	4.6	fall	2006
Death Note	4.5	fall	2006
Black Lagoon: The Second Barrage	4.5	fall	2006
History's Strongest Disciple Kenichi	4.4	fall	2006
Kanon (2006)	4.3	fall	2006
REBORN!	4.2	fall	2006
D.Gray-man	4.2	fall	2006
Ghost Hunt	4.2	fall	2006
Hell Girl: Two Mirrors	4.2	fall	2006
The Wallflower	4	fall	2006
Kekkaishi	4	fall	2006
Shounen Onmyouji	4	fall	2006
Buso Renkin	3.9	fall	2006
Black Blood Brothers	3.8	fall	2006
Pumpkin Scissors	3.7	fall	2006
Negima!?	3.7	fall	2006
Brighter than the Dawning Blue	3.7	fall	2006
Tokimeki Memorial: Only Love	3.6	fall	2006
Usavich	3.6	fall	2006
Living for the Day After Tomorrow	3.6	fall	2006
Strain: Strategic Armored Infantry	3.6	fall	2006
Mamoru-kun ni Megami no Shukufuku wo!	3.6	fall	2006
Bartender	3.6	fall	2006
Otoboku: Maidens Are Falling For Me!	3.5	fall	2006
Hataraki Man	3.5	fall	2006
Super Robot Wars OG: Divine Wars	3.4	fall	2006
Intrigue in the Bakumatsu: Irohanihoheto	3.4	fall	2006
Red Garden	3.4	fall	2006
Ryuusei no Rockman	3.3	fall	2006
Sumomomo Momomo	3.3	fall	2006
Ghost Slayers Ayashi	3.3	fall	2006
Fist of the Blue Sky	3.2	fall	2006
Pokemon: Diamond & Pearl	3.2	fall	2006
Gift: Eternal Rainbow	3.2	fall	2006
The Galaxy Railways II	3.1	fall	2006
Ergo Proxy	4.1	winter	2006
Fate/stay night	4.1	winter	2006
Looking Up At the Half-Moon	4	winter	2006
REC	3.9	winter	2006
Yomigaeru Sora -Rescue Wings-	3.8	winter	2006
Ayakashi: Japanese Classic Horror	3.8	winter	2006
Nerima Daikon Brothers	3.5	winter	2006
Ah My Buddha!! Katsu!!	3.4	winter	2006
Momo: The Girl God of Death	3.3	winter	2006
Kinnikuman II Sei: Ultimate Muscle 2	3.3	winter	2006
Kashimashi: Girl Meets Girl	3.3	winter	2006
Binchou-tan	3.2	winter	2006
Pretty Cure Splash Star	3.2	winter	2006
Meine Liebe Wieder	3.1	winter	2006
Guardian Ninja Mamoru!	3.1	winter	2006
Lemon Angel Project	3.1	winter	2006
Magikano	2.9	winter	2006
Tactical Roar	2.8	winter	2006
Play Ball 2nd	2.6	winter	2006
Rakugo Tennyo Oyui	2.6	winter	2006
Bakkyuu HIT! Crash B-Daman	2.6	winter	2006
Wan Wan Serepuu Soreyuke! Tetsunoshin	2.5	winter	2006
Eternal Alice	2.4	winter	2006
Youkai Ningen Bem (2006)	2.3	winter	2006
Ocha-ken: Hotto Monogatari	2	winter	2006
Papillon Rose	1.7	winter	2006
Funny Pets	1.1	winter	2006
Tengen Toppa Gurren Lagann	4.5	spring	2007
Darker than Black	4.3	spring	2007
Moribito: Guardian of the Spirit	4.3	spring	2007
Lovely Complex	4.3	spring	2007
The Story of Saiunkoku 2nd Series	4.3	spring	2007
Den-noh Coil	4.2	spring	2007
Emma: A Victorian Romance - Second Act	4.2	spring	2007
Big Windup!	4.2	spring	2007
Claymore	4.2	spring	2007
Lucky Star	4.1	spring	2007
Toward the Terra TV	4.1	spring	2007
Magical Girl Lyrical Nanoha StrikerS	4	spring	2007
My Bride is a Mermaid	4	spring	2007
Over Drive	4	spring	2007
Bokurano	4	spring	2007
Kaze no Stigma	4	spring	2007
Romeo x Juliet	4	spring	2007
Heroic Age	4	spring	2007
Hayate the Combat Butler!	3.9	spring	2007
Nagasarete Airantou	3.8	spring	2007
sola	3.7	spring	2007
Oh! Edo Rocket	3.7	spring	2007
Emily of New Moon	3.6	spring	2007
Kamichama Karin	3.6	spring	2007
El Cazador de la Bruja	3.5	spring	2007
Princess Resurrection	3.5	spring	2007
Spider Riders: Resurrected Sun	3.4	spring	2007
Onegai My Melody Sukkiri♪	3.3	spring	2007
Polyphonica	3.2	spring	2007
Kotetsushin Jeeg	3.2	spring	2007
Hitohira	3.2	spring	2007
Kishin Taisen Gigantic Formula	3.2	spring	2007
Wellber no Monogatari: Sisters of Wellber	3.1	spring	2007
GeGeGe no Kitarou (2007)	3.1	spring	2007
Kiss Dum: Engage Planet	3.1	spring	2007
Baccano!	4.4	summer	2007
When They Cry: Kai	4.4	summer	2007
Mononoke	4.3	summer	2007
Sayonara, Zetsubou-Sensei	4.1	summer	2007
The Familiar of Zero: Knight of the Twin Moons	4.1	summer	2007
Moonlight Mile 2nd Season - Touch down	4.1	summer	2007
Tokyo Majin: 2nd Act	3.9	summer	2007
Potemayo	3.6	summer	2007
Devil May Cry	3.6	summer	2007
Umisho	3.6	summer	2007
Shigurui: Death Frenzy	3.6	summer	2007
Sky Girls TV	3.4	summer	2007
Zombie-Loan	3.4	summer	2007
Nanatsuiro Drops	3.4	summer	2007
Doujin Work	3.3	summer	2007
Buzzer Beater 2nd Season	3.3	summer	2007
Mushi-Uta	3.1	summer	2007
Code-E	2.9	summer	2007
School Days	2.7	summer	2007
Moetan	2.7	summer	2007
Happy Happy Clover	2.7	summer	2007
Clannad	4.3	fall	2007
Mobile Suit Gundam 00	4.3	fall	2007
Kaiji - Ultimate Survivor	4.3	fall	2007
Macross Frontier	4.2	fall	2007
ef - a tale of memories	4.2	fall	2007
Genshiken 2	4.2	fall	2007
Shakugan no Shana II	4.2	fall	2007
Minami-ke	4.1	fall	2007
Moyashimon	4	fall	2007
Neuro: Supernatural Detective	3.9	fall	2007
Kimikiss Pure Rouge	3.9	fall	2007
Myself; Yourself	3.9	fall	2007
Shugo Chara!	3.8	fall	2007
Bamboo Blade	3.8	fall	2007
Ghost Hound	3.8	fall	2007
You're Under Arrest: Full Throttle	3.8	fall	2007
Sketchbook ~full color's~	3.7	fall	2007
Kodomo no Jikan	3.5	fall	2007
Da Capo II	3.4	fall	2007
Rental Magica	3.4	fall	2007
Good Luck! Ninomiya-kun	3.4	fall	2007
Hero Tales	3.4	fall	2007
Mokke	3.3	fall	2007
Blue Drop	3.2	fall	2007
Yattokame Tanteidan	3.2	fall	2007
Dragonaut: The Resonance	3.2	fall	2007
Suteki Tantei Labyrinth	2.8	fall	2007
Prism Ark	2.8	fall	2007
Master Hamsters	2.6	fall	2007
Let's Go! Tamagotchi	1.8	fall	2007
Maple Story	1.8	fall	2007
Mameushi-kun	1.7	fall	2007
Major Season 3	4.4	winter	2007
Nodame Cantabile	4.4	winter	2007
Naruto Shippuden	4.3	winter	2007
Les Miserables: Shoujo Cosette	4	winter	2007
Hidamari Sketch	3.7	winter	2007
Afro Samurai	3.7	winter	2007
Tokyo Majin	3.7	winter	2007
Moonlight Mile	3.6	winter	2007
Gakuen Utopia Manabi Straight!	3.6	winter	2007
Rocket Girls	3.5	winter	2007
Yes! Pretty Cure 5	3.5	winter	2007
Koi Suru Tenshi Angelique: Kagayaki no Ashita	3.5	winter	2007
Ikkitousen: Dragon Destiny	3.3	winter	2007
Shuffle! Memories	3.2	winter	2007
GR -Giant Robo-	3.2	winter	2007
Deltora Quest	3.1	winter	2007
Reideen	3	winter	2007
Venus Versus Virus	2.9	winter	2007
Himawari Too!!	2.9	winter	2007
Shattered Angels	2.8	winter	2007
Saint October	2.6	winter	2007
Getsumen To Heiki Mina	2.4	winter	2007
Master of Epic: The Animation Age	2.3	winter	2007
Juusoukikou Dancougar Nova	2.3	winter	2007
Dinosaur King	2	winter	2007
Dennou Senshi Dokan-kun	1.5	winter	2007
Code Geass: Lelouch of the Rebellion R2	4.6	spring	2008
xxxHOLiC Kei	4.4	spring	2008
Soul Eater	4.3	spring	2008
Kaiba	4.2	spring	2008
Junjou Romantica	4.2	spring	2008
Kyo Kara Maoh! 3rd Series	4.2	spring	2008
Special A	4	spring	2008
Chi's Sweet Home	4	spring	2008
ItaKiss	4	spring	2008
Daughter of Twenty Faces	4	spring	2008
Library War	3.9	spring	2008
Kurenai	3.9	spring	2008
Tower of Druaga: the Aegis of Uruk	3.8	spring	2008
Vampire Knight	3.7	spring	2008
Da Capo II Second Season	3.7	spring	2008
Allison and Lillia	3.7	spring	2008
To Love Ru	3.7	spring	2008
Nabari no Ou	3.7	spring	2008
Our Home's Fox Deity	3.6	spring	2008
Psychic Squad	3.6	spring	2008
The Diary of a Crazed Family	3.6	spring	2008
Golgo 13	3.6	spring	2008
Himitsu: The Revelation	3.4	spring	2008
Yu-Gi-Oh! 5D's	3.4	spring	2008
Kamen no Maid Guy	3.4	spring	2008
Monochrome Factor	3.4	spring	2008
Amatsuki	3.4	spring	2008
Real Drive	3.3	spring	2008
Neo Angelique Abyss	3.3	spring	2008
Fireball	3.3	spring	2008
Kanokon	3.2	spring	2008
Blassreiter	3.1	spring	2008
Telepathy Shoujo Ran	3	spring	2008
Sugar Bunnies Chocolate!	3	spring	2008
Onegai My Melody Kirara	3	spring	2008
Natsume's Book of Friends	4.4	summer	2008
Hidamari Sketch x 365	4.1	summer	2008
"The Familiar of Zero: ""Rondo"" of Princesses"	4.1	summer	2008
Birdy the Mighty: Decode	4	summer	2008
Slayers Revolution	3.9	summer	2008
Nogizaka Haruka no Himitsu	3.9	summer	2008
Sekirei	3.8	summer	2008
Someday's Dreamers II Sora	3.6	summer	2008
Neo Angelique Abyss: Second Age	3.5	summer	2008
Ryoko's Case File	3.5	summer	2008
Sands of Destruction	3.5	summer	2008
Antique Bakery	3.5	summer	2008
Strike Witches TV	3.5	summer	2008
Ikkitousen: Great Guardians	3.4	summer	2008
Blade of the Immortal	3.4	summer	2008
Koihime Musou	3.2	summer	2008
Mission-E	2.8	summer	2008
Mach Girl	2.3	summer	2008
Scarecrowman	2.3	summer	2008
Ultraviolet: Code 044	2.1	summer	2008
Akiba-chan	1.9	summer	2008
Clannad After Story	4.6	fall	2008
Toradora!	4.4	fall	2008
One Outs	4.4	fall	2008
Skip Beat!	4.4	fall	2008
Mobile Suit Gundam 00 Second Season	4.4	fall	2008
Nodame Cantabile: Paris	4.4	fall	2008
Junjou Romantica 2	4.3	fall	2008
Black Butler	4.2	fall	2008
ef - a tale of melodies	4.2	fall	2008
A Certain Magical Index	4.1	fall	2008
Michiko & Hatchin	4.1	fall	2008
Hell Girl: Three Vessels	4	fall	2008
Tentai Senshi Sunred	4	fall	2008
Ga-Rei-Zero	4	fall	2008
Shugo Chara!! Doki	3.9	fall	2008
Vampire Knight Guilty	3.9	fall	2008
Kannagi	3.9	fall	2008
Corpse Princess: Aka	3.8	fall	2008
Tales of the Abyss	3.8	fall	2008
Rosario + Vampire Capu2	3.8	fall	2008
Inazuma Eleven	3.8	fall	2008
Earl and Fairy	3.7	fall	2008
Hyakko	3.7	fall	2008
Casshern Sins	3.7	fall	2008
Legends of the Dark King: A Fist of the North Star Story	3.6	fall	2008
Mouryou no Hako	3.6	fall	2008
Kyou no 5 no 2 TV	3.5	fall	2008
Kurozuka	3.4	fall	2008
Yozakura Quartet	3.4	fall	2008
Tytania	3.4	fall	2008
Magician's Academy	3.3	fall	2008
Linebarrels of Iron	3.3	fall	2008
Akane-Iro ni Somaru Saka	3.3	fall	2008
Chaos;HEAd	3.3	fall	2008
Kemeko Deluxe!	3	fall	2008
Major Season 4	4.4	winter	2008
Aria the Origination	4.4	winter	2008
Spice and Wolf	4.4	winter	2008
Zoku Sayonara Zetsubou Sensei	4.2	winter	2008
Shigofumi	4	winter	2008
Minami-ke Okawari	3.9	winter	2008
True Tears	3.9	winter	2008
Kimi ga Aruji de Shitsuji ga Ore de	3.8	winter	2008
Gunslinger Girl: Il Teatrino	3.7	winter	2008
Rosario + Vampire	3.7	winter	2008
Porphy no Nagai Tabi	3.6	winter	2008
H2O: Footprints in the Sand	3.6	winter	2008
Hatenkou Yuugi	3.6	winter	2008
Wellber no Monogatari: Sisters of Wellber Zwei	3.5	winter	2008
Yes! Pretty Cure 5 GoGo!	3.5	winter	2008
Hakaba Kitarou	3.3	winter	2008
Persona: Trinity Soul	3.1	winter	2008
Ayakashi	3	winter	2008
Noramimi	2.6	winter	2008
Moegaku 5	1.5	winter	2008
Fullmetal Alchemist: Brotherhood	4.7	spring	2009
Cross Game	4.4	spring	2009
Eden of the East	4.3	spring	2009
Phantom: Requiem for the Phantom	4.2	spring	2009
Hayate the Combat Butler!!	4.2	spring	2009
K-On!	4.2	spring	2009
Pandora Hearts	4.1	spring	2009
Dragon Ball Z Kai	4.1	spring	2009
Valkyria Chronicles	4	spring	2009
Hanasakeru Seishounen	4	spring	2009
The Melancholy of Haruhi Suzumiya (2009)	3.9	spring	2009
Hatsukoi Limited	3.8	spring	2009
Sengoku Basara: Samurai Kings	3.8	spring	2009
Saki	3.8	spring	2009
Mazinger Edition Z: The Impact!	3.8	spring	2009
Ristorante Paradiso	3.7	spring	2009
07-Ghost	3.7	spring	2009
Polyphonica: Crimson S	3.6	spring	2009
Before Green Gables	3.6	spring	2009
Basquash!	3.6	spring	2009
Tears to Tiara	3.6	spring	2009
Asura Cryin'	3.5	spring	2009
Mainichi Kaasan	3.5	spring	2009
Souten Kouro	3.5	spring	2009
Guin Saga	3.5	spring	2009
Shangri-La	3.4	spring	2009
Natsu no Arashi!	3.4	spring	2009
Tayutama -Kiss on my Deity-	3.3	spring	2009
Higepiyo	3.3	spring	2009
Slap Up Party: Arad Senki	3.2	spring	2009
Penelope Tete en l'air (2009)	2.8	spring	2009
Jewelpet	2.8	spring	2009
Beyblade: Metal Fusion	2.7	spring	2009
Bakugan Battle Brawlers: New Vestroia	2.6	spring	2009
Queen's Blade: The Exiled Virgin	2.5	spring	2009
Spice and Wolf II	4.5	summer	2009
Bakemonogatari	4.3	summer	2009
Tokyo Magnitude 8.0	4.3	summer	2009
Zan Sayonara Zetsubou Sensei	4.2	summer	2009
Umineko: When They Cry	3.8	summer	2009
Canaan	3.8	summer	2009
Taisho Baseball Girls	3.7	summer	2009
Princess Lover!	3.6	summer	2009
Needless	3.6	summer	2009
Sweet Blue Flowers	3.6	summer	2009
Sora no Manimani	3.5	summer	2009
GA: Geijutsuka Art Design Class	3.3	summer	2009
Kanamemo	3.3	summer	2009
Kuruneko	3.1	summer	2009
Battle Spirits: Shounen Gekiha Dan	3.1	summer	2009
Fight Ippatsu! Juuden-Chan!!	3.1	summer	2009
Umi Monogatari	2.9	summer	2009
Modern Magic Made Simple	2.8	summer	2009
Weiss Survive	2.5	summer	2009
Element Hunters	2.4	summer	2009
Uchurei!	2.1	summer	2009
InuYasha: The Final Act	4.4	fall	2009
Kimi ni Todoke - From Me To You	4.3	fall	2009
Tentai Senshi Sunred 2	4.3	fall	2009
Fairy Tail	4.3	fall	2009
A Certain Scientific Railgun	4.2	fall	2009
Yumeiro Pâtissière	4.1	fall	2009
Darker than Black: Gemini of the Meteor	4.1	fall	2009
Kobato.	4.1	fall	2009
Aoi Bungaku Series	4.1	fall	2009
Kuuchuu Buranko	4	fall	2009
Tegami Bachi: Letter Bee	4	fall	2009
Heaven's Lost Property	3.9	fall	2009
Asura Cryin' 2	3.9	fall	2009
Nyan Koi!	3.9	fall	2009
Student Council's Discretion	3.9	fall	2009
Nogizaka Haruka no Himitsu: Purezza	3.8	fall	2009
Natsu no Arashi! Akinaichuu	3.7	fall	2009
Sasameki Koto	3.6	fall	2009
The Sacred Blacksmith	3.5	fall	2009
The Book of Bantorra	3.5	fall	2009
Winter Sonata	3.3	fall	2009
White Album 2nd Season	3.3	fall	2009
Shin Koihime Musou	3.3	fall	2009
Kampfer	3.2	fall	2009
Kiddy Girl-AND	3.2	fall	2009
Kaidan Restaurant	3.1	fall	2009
Anyamaru Tantei Kiruminzuu	3	fall	2009
Queen's Blade 2: The Evil Eye	2.9	fall	2009
11eyes	2.9	fall	2009
Cheburashka Arere?	2.9	fall	2009
Shugo Chara Party!	2.8	fall	2009
Miracle Train	2.6	fall	2009
Weiss Survive R	2.5	fall	2009
Tamagotchi!	2.5	fall	2009
Stitch!: The Mischievous Alien's Great Adventure	2.3	fall	2009
Hajime no Ippo: New Challenger	4.6	winter	2009
Natsume's Book of Friends Season 2	4.5	winter	2009
Major Season 5	4.5	winter	2009
Erin	4.3	winter	2009
Maria Watches Over Us Season 4	4.2	winter	2009
Chi's New Address	4.1	winter	2009
Birdy the Mighty: Decode 2	4.1	winter	2009
Minami-ke Okaeri	4.1	winter	2009
Chrome Shelled Regios	4	winter	2009
Slayers Evolution-R	4	winter	2009
Corpse Princess: Kuro	3.9	winter	2009
Ride Back	3.9	winter	2009
Tower of Druaga: the Sword of Uruk	3.9	winter	2009
Kurokami The Animation	3.7	winter	2009
Samurai Harem: Asu no Yoichi	3.6	winter	2009
Sora wo Miageru Shoujo no Hitomi ni Utsuru Sekai	3.5	winter	2009
Maria Holic	3.5	winter	2009
Fresh Pretty Cure!	3.5	winter	2009
The Girl Who Leapt Through Space	3.3	winter	2009
Viper's Creed	3.2	winter	2009
White Album	2.9	winter	2009
Genji Monogatari Sennenki	2.9	winter	2009
Akikan!	2.8	winter	2009
Kupu~!! Mamegoma!	2.6	winter	2009
Marie & Gali	2.4	winter	2009
Unko-san: Tsuiteru Hito ni Shika Mienai Yousei	1.2	winter	2009
Major Season 6	4.4	spring	2010
Rainbow: Nisha Rokubou no Shichinin	4.4	spring	2010
The Tatami Galaxy	4.4	spring	2010
Maid-sama!	4.4	spring	2010
Angel Beats!	4.4	spring	2010
K-On!!	4.3	spring	2010
Big Windup! 2	4.3	spring	2010
Working!!	4.1	spring	2010
House of Five Leaves	4.1	spring	2010
Giant Killing	4	spring	2010
Arakawa Under the Bridge	3.9	spring	2010
Hakuouki: Demon of the Fleeting Blossom	3.9	spring	2010
Demon King Daimao	3.8	spring	2010
Jewelpet Twinkle	3.7	spring	2010
The Betrayal Knows My Name	3.7	spring	2010
Yamada's First Time: B Gata H Kei	3.7	spring	2010
Romance of the Three Kingdoms (2010)	3.6	spring	2010
Shin Koihime Musou: Otome Tairan	3.6	spring	2010
Kiss x Sis TV	3.5	spring	2010
Ikkitousen: Xtreme Xecutor	3.4	spring	2010
Mayoi Neko Overrun!	3.3	spring	2010
Night Raid 1931	3.2	spring	2010
Ring ni Kakero 1: Shadow	3.2	spring	2010
Hime Chen! Otogi Chikku Idol Lilpri	3	spring	2010
Heroman	3	spring	2010
Hana Kappa	2.9	spring	2010
Beyblade: Metal Masters	2.9	spring	2010
Gokujou!! Mecha Mote Iinchou Second Collection	2.9	spring	2010
Shimajirou Hesoka	2.5	spring	2010
Bakugan Battle Brawlers: Gundalian Invaders	2.5	spring	2010
SD Gundam Sangokuden Brave Battle Warriors	2.5	spring	2010
Duel Masters Cross Shock	2.4	spring	2010
Shiki	4.2	summer	2010
Nura: Rise of the Youkai Clan	4.1	summer	2010
The Legend of the Legendary Heroes	4.1	summer	2010
Sengoku Basara: Samurai Kings 2	4.1	summer	2010
Sekirei: Pure Engagement	4.1	summer	2010
Seitokai Yakuindomo	4.1	summer	2010
Highschool of the Dead	4	summer	2010
Mitsudomoe	3.9	summer	2010
Black Butler 2	3.9	summer	2010
Amagami SS	3.9	summer	2010
Strike Witches TV 2	3.9	summer	2010
Okami-san & Her Seven Companions	3.8	summer	2010
Occult Academy	3.6	summer	2010
Cat Planet Cuties	3.4	summer	2010
Mix Master: Final Force	3.2	summer	2010
Digimon Xros Wars	3	summer	2010
Battle Spirits: Brave	2.9	summer	2010
Blessing of the Campanella	2.7	summer	2010
Tono to Issho	2.6	summer	2010
Stitch!: Best Friends Forever	2.3	summer	2010
Princess Jellyfish	4.4	fall	2010
Bakuman.	4.3	fall	2010
A Certain Magical Index II	4.2	fall	2010
The World God Only Knows	4.2	fall	2010
Heaven's Lost Property: Forte	4.1	fall	2010
Tegami Bachi: Letter Bee Reverse	4.1	fall	2010
Yumeiro Pâtissière SP Professional	4.1	fall	2010
Arakawa Under the Bridge x Bridge	4.1	fall	2010
Hakuouki: Record of the Jade Blood	4	fall	2010
Panty & Stocking with Garterbelt	4	fall	2010
Motto To Love Ru	4	fall	2010
Otome Youkai Zakuro	4	fall	2010
Squid Girl	3.9	fall	2010
Psychic Detective Yakumo	3.9	fall	2010
Oreimo	3.9	fall	2010
MM!	3.8	fall	2010
And Yet the Town Moves	3.7	fall	2010
Star Driver	3.6	fall	2010
Super Robot Wars OG: The Inspector	3.5	fall	2010
Samurai Girls	3.4	fall	2010
Fortune Arterial	3.4	fall	2010
Crayon Shin-chan: Shin-Men	3.2	fall	2010
Pokemon: Black & White	3.2	fall	2010
Tantei Opera Milky Holmes	3.1	fall	2010
Karl to Fushigi na Tou	2.9	fall	2010
Yosuga No Sora: In Solitude Where We Are Least Alone	2.9	fall	2010
Togainu no Chi	2.7	fall	2010
Miyanishi Tatsuya Gekijou: Omae Umasou da na	2.6	fall	2010
Iron Man	2.6	fall	2010
Haiyoru! Nyaru-ani: Remember My Love(craft-sensei)	2.5	fall	2010
Rita et Machin	2.2	fall	2010
Nodame Cantabile: Finale	4.4	winter	2010
Katanagatari	4.4	winter	2010
Durarara!!	4.4	winter	2010
Hidamari Sketch x Hoshimittsu	4.2	winter	2010
Baka and Test - Summon the Beasts	4.1	winter	2010
Hanamaru Kindergarten	3.9	winter	2010
Heartcatch Pretty Cure!	3.8	winter	2010
Sound of the Sky	3.8	winter	2010
Omamori Himari	3.7	winter	2010
Dance in the Vampire Bund	3.7	winter	2010
Dragon Crisis!	3.5	winter	2010
Ladies Versus Butlers!	3.4	winter	2010
Cobra The Animation	3.2	winter	2010
Okamikakushi: Masque of the Wolf	2.9	winter	2010
The Qwaser Of Stigmata	2.8	winter	2010
Chu-Bra!!	2.4	winter	2010
Marie & Gali ver. 2.0	2.2	winter	2010
Phantom Thief Reinya	2.2	winter	2010
Little Charo 2	1.9	winter	2010
Steins;Gate	4.6	spring	2011
Gintama'	4.6	spring	2011
Anohana: The Flower We Saw That Day	4.5	spring	2011
Nichijou: My Ordinary Life	4.4	spring	2011
Kaiji - Against All Rules	4.3	spring	2011
The World God Only Knows II	4.3	spring	2011
Sekai-ichi Hatsukoi: World's Greatest First Love	4.3	spring	2011
Blue Exorcist	4.2	spring	2011
Hanasaku Iroha	4.2	spring	2011
Tiger & Bunny	4.2	spring	2011
Sket Dance	4.1	spring	2011
Deadman Wonderland	4	spring	2011
Toriko TV	3.9	spring	2011
You're Being Summoned, Azazel	3.8	spring	2011
Croisee in a Foreign Labyrinth	3.8	spring	2011
C: The Money of Soul and Possibility Control	3.8	spring	2011
Ground Control to Psychoelectric Girl	3.8	spring	2011
Hyouge Mono	3.7	spring	2011
Aria the Scarlet Ammo	3.6	spring	2011
Inazuma Eleven GO	3.6	spring	2011
Pretty Rhythm: Aurora Dream	3.5	spring	2011
Dog Days	3.5	spring	2011
A Bridge to the Starry Skies	3.4	spring	2011
A-Channel	3.4	spring	2011
Digimon Xros Wars: Aku no Death General to Shichinin no Oukoku	3.4	spring	2011
Moshidora	3.4	spring	2011
Shouwa Monogatari TV	3.3	spring	2011
Maria Holic Alive	3.3	spring	2011
Astarotte's Toy	3.2	spring	2011
Fireball Charming	3.2	spring	2011
Tono to Issho 2	3.1	spring	2011
Ring ni Kakero 1: Sekai Taikai-hen	3.1	spring	2011
Battle Girls: Time Paradox	3	spring	2011
We, Without Wings - Under the Innocent Sky	3	spring	2011
The Qwaser of Stigmata II	3	spring	2011
Natsume's Book of Friends Season 3	4.5	summer	2011
Bunny Drop	4.5	summer	2011
Nura: Rise of the Youkai Clan - Demon Capital	4.3	summer	2011
Baka and Test - Summon the Beasts 2	4.2	summer	2011
Penguindrum	4.1	summer	2011
Heaven's Memo Pad	4	summer	2011
Mayo Chiki!	4	summer	2011
No. 6	4	summer	2011
Yuru Yuri	3.9	summer	2011
The iDOLM@STER	3.8	summer	2011
Uta no Prince-sama: Maji Love 1000%	3.7	summer	2011
The Mystic Archives of Dantalian	3.7	summer	2011
Kamisama Dolls	3.6	summer	2011
Ro-Kyu-Bu ~ Fast Break!	3.3	summer	2011
Sacred Seven	3.1	summer	2011
A Dark Rabbit Has Seven Lives	3.1	summer	2011
Blood-C	3	summer	2011
Morita-san wa Mukuchi TV	3	summer	2011
R-15	3	summer	2011
Nyanpire The Animation	2.8	summer	2011
Nekogami Yaoyorozu	2.8	summer	2011
Blade	2.6	summer	2011
Manyuu Hiken-chou	2.3	summer	2011
Inumarudashi	2.2	summer	2011
MonHun Nikki Girigiri Airu Mura G	2.2	summer	2011
Double-J	2	summer	2011
Kaitou Tenshi Twin Angel: Kyun Kyun Tokimeki Paradise!!	1.9	summer	2011
Kayoe! Chuugaku	1.3	summer	2011
Hunter x Hunter (2011)	4.6	fall	2011
Bakuman. 2	4.5	fall	2011
Fate/Zero	4.4	fall	2011
Sekai-ichi Hatsukoi: World's Greatest First Love 2	4.4	fall	2011
Chihayafuru	4.3	fall	2011
Working'!!	4.3	fall	2011
Future Diary	4.2	fall	2011
Shakugan no Shana III	4.1	fall	2011
Persona 4 the Animation	4	fall	2011
Squid Girl 2	4	fall	2011
Guilty Crown	4	fall	2011
Haganai: I Don't Have Many Friends	4	fall	2011
Ben-To	3.9	fall	2011
Un-Go	3.9	fall	2011
You and Me.	3.8	fall	2011
Mashiroiro Symphony: The Color of Lovers	3.6	fall	2011
Last Exile: Fam, the Silver Wing	3.6	fall	2011
Phi Brain: Puzzle of God	3.5	fall	2011
Tamayura: Hitotose	3.5	fall	2011
Horizon in the Middle of Nowhere	3.4	fall	2011
Majikoi: Oh! Samurai Girls!	3.3	fall	2011
Morita-san wa Mukuchi. 2	3.3	fall	2011
C³	3.2	fall	2011
Battle Spirits: Heroes	3.1	fall	2011
Mobile Suit Gundam AGE	3.1	fall	2011
Maken-ki!	3	fall	2011
Digimon Xros Wars: Toki o Kakeru Shounen Hunter-tachi	2.8	fall	2011
Cross Fight B-Daman	2.8	fall	2011
Chibi Devi!	2.7	fall	2011
gdgd Fairies	2.7	fall	2011
Sengoku Paradise: Kiwami	2.1	fall	2011
High Score	2.1	fall	2011
Puella Magi Madoka Magica	4.4	winter	2011
Kimi ni Todoke - From Me To You 2nd Season	4.3	winter	2011
Gosick	4.3	winter	2011
Beelzebub	4.1	winter	2011
Mitsudomoe Zouryouchuu!	4.1	winter	2011
Is this a Zombie?	4	winter	2011
Hourou Musuko	4	winter	2011
Level E	3.9	winter	2011
Infinite Stratos	3.7	winter	2011
Dream Eater Merry	3.7	winter	2011
Fractale	3.6	winter	2011
Freezing	3.6	winter	2011
Suite Pretty Cure♪	3.5	winter	2011
Danball Senki	3.3	winter	2011
Cardfight!! Vanguard	3.1	winter	2011
Because I Don`t Like My Big Brother at All!	2.7	winter	2011
Wolverine	2.6	winter	2011
Bakugan Battle Brawlers: Mechtanium Surge	2.5	winter	2011
Rio: Rainbow Gate!	2.1	winter	2011
Fate/Zero 2	4.5	spring	2012
Kids on the Slope	4.4	spring	2012
Kuroko's Basketball	4.4	spring	2012
Star Blazers: Space Battleship Yamato 2199	4.4	spring	2012
Space Brothers	4.4	spring	2012
Hyouka	4.3	spring	2012
Jormungand	4.3	spring	2012
You and Me. 2	4.2	spring	2012
Dusk Maiden of Amnesia	4.2	spring	2012
Is this a Zombie? Of the Dead	4.1	spring	2012
Lupin III: The Woman Called Fujiko Mine	4.1	spring	2012
Tsuritama	4	spring	2012
Place to Place	4	spring	2012
Sankarea	3.9	spring	2012
Accel World	3.9	spring	2012
Phi Brain: Puzzle of God 2	3.8	spring	2012
Polar Bear Cafe	3.8	spring	2012
Inazuma Eleven GO: Chrono Stone	3.8	spring	2012
Ginga e Kickoff!!	3.7	spring	2012
Mysterious Girlfriend X	3.7	spring	2012
Saki: Episode of Side A	3.6	spring	2012
AKB0048	3.6	spring	2012
Haiyore! Nyaruko-san	3.6	spring	2012
Eureka Seven AO	3.6	spring	2012
Medaka Box	3.5	spring	2012
Folktales from Japan	3.5	spring	2012
Zetman	3.5	spring	2012
Cardfight!! Vanguard: Asia Circuit	3.4	spring	2012
Recorder and Randsell Re	3.4	spring	2012
Natsuiro Kiseki	3.4	spring	2012
Pretty Rhythm: Dear My Future	3.3	spring	2012
Hiiro no Kakera: The Tamayori Princess Saga	3.2	spring	2012
Jewelpet Kira Deco!	3.1	spring	2012
Ninja Hattori Returns	3.1	spring	2012
Naruto Spin-Off: Rock Lee & His Ninja Pals	2.9	spring	2012
Kokoro Connect	4.2	summer	2012
Sword Art Online	4.2	summer	2012
Good Luck Girl!	4.2	summer	2012
Yuru Yuri ♪♪	4.1	summer	2012
Kingdom	4.1	summer	2012
The Ambition of Oda Nobuna	4	summer	2012
Humanity Has Declined	4	summer	2012
Horizon in the Middle of Nowhere II	4	summer	2012
Hakuouki: Dawn of the Shinsengumi	3.9	summer	2012
Tari Tari	3.8	summer	2012
Moyashimon Returns	3.8	summer	2012
Joshiraku	3.8	summer	2012
Campione!	3.7	summer	2012
Natsuyuki Rendezvous	3.7	summer	2012
Aesthetica of a Rogue Hero	3.7	summer	2012
Dog Days'	3.7	summer	2012
Utakoi	3.6	summer	2012
Muv-Luv Alternative: Total Eclipse	3.6	summer	2012
Lagrange: The Flower of Rin-ne - Season 2	3.6	summer	2012
Love, Election & Chocolate	3.5	summer	2012
So, I Can't Play H!	3.3	summer	2012
Kono Naka ni Hitori, Imouto ga Iru!	3.2	summer	2012
Pokemon: Black & White - Rival Destinies	3.2	summer	2012
Yurumates 3D Plus	2.9	summer	2012
La Storia Della Arcana Famiglia	2.9	summer	2012
Tamagotchi! Yume Kira Dream	2.5	summer	2012
Chitose Get You!!	2.4	summer	2012
Tanken Driland	2	summer	2012
Bloody Bunny	1.9	summer	2012
Maji de Otaku na English! Ribbon-chan: Eigo de Tatakau Mahou Shoujo	1.7	summer	2012
Gintama': Enchousen	4.6	fall	2012
Bakuman. 3	4.5	fall	2012
Psycho-Pass	4.4	fall	2012
Kamisama Kiss	4.4	fall	2012
JoJo's Bizarre Adventure (2012)	4.4	fall	2012
Jormungand: Perfect Order	4.3	fall	2012
Initial D Fifth Stage	4.3	fall	2012
The Pet Girl of Sakurasou	4.3	fall	2012
From the New World	4.3	fall	2012
Magi: The Labyrinth of Magic	4.3	fall	2012
Blast of Tempest	4.2	fall	2012
Love, Chunibyo & Other Delusions!	4.2	fall	2012
Hidamari Sketch x Honeycomb	4.2	fall	2012
My Little Monster	4.1	fall	2012
"Say ""I love you."""	4.1	fall	2012
To Love Ru: Darkness	4.1	fall	2012
K	4	fall	2012
Btooom!	4	fall	2012
Medaka Box Abnormal	3.9	fall	2012
Girls und Panzer	3.9	fall	2012
Robotics;Notes	3.9	fall	2012
Student Council's Discretion Lv. 2	3.9	fall	2012
Little Busters!	3.8	fall	2012
Hiiro no Kakera: The Tamayori Princess Saga 2	3.7	fall	2012
Aikatsu!	3.6	fall	2012
Hayate the Combat Butler! Can't Take My Eyes Off You	3.6	fall	2012
Code:Breaker	3.5	fall	2012
Ixion Saga: Dimension Transfer	3.4	fall	2012
Battle Spirits: Sword Eyes	3.2	fall	2012
Onii-chan Dakedo Ai Sae Areba Kankeinai yo ne!	3.2	fall	2012
Yu-Gi-Oh! Zexal II	3	fall	2012
Teekyuu	2.7	fall	2012
Cross Fight B-Daman eS	2.6	fall	2012
Busou Shinki: Armored War Goddess	2.5	fall	2012
Chiisana Oji-san	2.5	fall	2012
Natsume's Book of Friends Season 4	4.6	winter	2012
Nisemonogatari	4.4	winter	2012
Daily Lives of High School Boys	4.3	winter	2012
Another	4.2	winter	2012
The Prince of Tennis II	4.1	winter	2012
The Familiar of Zero F	4.1	winter	2012
High School DxD	4	winter	2012
Inu x Boku Secret Service	4	winter	2012
Waiting in the Summer	4	winter	2012
Amagami SS+	3.9	winter	2012
Listen to Me Girls, I'm Your Father!	3.9	winter	2012
Poyopoyo	3.9	winter	2012
The Knight in the Area	3.7	winter	2012
Aquarion Evol	3.6	winter	2012
Bodacious Space Pirates	3.6	winter	2012
Tantei Opera Milky Holmes 2	3.5	winter	2012
Black Rock Shooter TV	3.5	winter	2012
Brave10	3.5	winter	2012
Lagrange: The Flower of Rin-ne	3.4	winter	2012
Danball Senki W	3.4	winter	2012
Symphogear	3.3	winter	2012
Smile Pretty Cure!	3.3	winter	2012
Recorder and Randsell	3.1	winter	2012
Kill Me Baby	3	winter	2012
Gokujo. Gokurakuin Joshikou Ryou Monogatari	2.5	winter	2012
Himitsukessha Taka no Tsume Gaiden: Mukashi no Yoshida-kun	1.5	winter	2012
Attack on Titan	4.5	spring	2013
A Certain Scientific Railgun S	4.4	spring	2013
The Devil is a Part-Timer!	4.3	spring	2013
My Teen Romantic Comedy SNAFU	4.2	spring	2013
Gargantia on the Verdurous Planet	4.1	spring	2013
You're Being Summoned, Azazel Z	4	spring	2013
Uta no Prince-sama: Maji Love 2000%	3.9	spring	2013
Oreimo 2	3.9	spring	2013
HENNEKO - The Hentai Prince and the Stony Cat	3.8	spring	2013
Haiyore! Nyaruko-san W	3.8	spring	2013
Date a Live	3.8	spring	2013
Pretty Rhythm: Rainbow Live	3.8	spring	2013
Valvrave the Liberator	3.7	spring	2013
Mushibugyou	3.7	spring	2013
Karneval	3.6	spring	2013
Yuyushiki	3.6	spring	2013
Inazuma Eleven GO: Galaxy	3.6	spring	2013
Majestic Prince	3.6	spring	2013
Danball Senki Wars	3.6	spring	2013
Hayate the Combat Butler! Cuties	3.5	spring	2013
Muromi-san	3.5	spring	2013
Danchi Tomoo	3.5	spring	2013
Devil Survivor 2 The Animation	3.4	spring	2013
Battle Spirits: Sword Eyes Gekitouden	3.4	spring	2013
Jewelpet Happiness	3.4	spring	2013
The Flowers of Evil	3.3	spring	2013
Samurai Bride	3.2	spring	2013
The Severing Crime Edge	3.2	spring	2013
RDG: Red Data Girl	3.2	spring	2013
Pokemon: Black & White: Adventures in Unova and Beyond	3.1	spring	2013
Arata the Legend	3.1	spring	2013
Aiura	3	spring	2013
Mini Vanguard	2.9	spring	2013
Monsuno: Combat Chaos	2.8	spring	2013
Haitai Nanafa 2	2.8	spring	2013
Monogatari Series: Second Season	4.6	summer	2013
Kingdom 2	4.4	summer	2013
The World God Only Knows: Goddesses Arc	4.3	summer	2013
Silver Spoon	4.3	summer	2013
High School DxD NEW	4.2	summer	2013
Hakkenden: Eight Dogs of the East 2	4.1	summer	2013
The Eccentric Family	4.1	summer	2013
Servant x Service	4.1	summer	2013
Free! - Iwatobi Swim Club	4	summer	2013
Blood Lad	4	summer	2013
Genshiken: Second Generation	4	summer	2013
Danganronpa: The Animation	3.9	summer	2013
Senyuu. 2	3.8	summer	2013
Sunday Without God	3.8	summer	2013
Symphogear G	3.8	summer	2013
Love Lab	3.8	summer	2013
Tamayura: More Aggressive	3.8	summer	2013
Rozen Maiden Zurückspulen	3.7	summer	2013
Gatchaman Crowds	3.7	summer	2013
KINMOZA!	3.6	summer	2013
Watamote: No Matter How I Look at It, It's You Guys' Fault I'm Not Popular!	3.6	summer	2013
Lovely Movie: Lovely Muuuuuuuco!	3.6	summer	2013
Ro-Kyu-Bu! SS	3.5	summer	2013
Fate/Kaleid Liner Prisma Illya	3.5	summer	2013
Devils and Realist	3.5	summer	2013
Yamishibai: Japanese Ghost Stories	3.5	summer	2013
A Town Where You Live	3.3	summer	2013
Hyperdimension Neptunia	3.2	summer	2013
Recorder and Randsell Mi	3.2	summer	2013
Dog & Scissors	3.2	summer	2013
Tenkai Knights	3.1	summer	2013
Stella Women's Academy, High School Division Class C3	3.1	summer	2013
Teekyuu 2	3	summer	2013
Brothers Conflict	3	summer	2013
Day Break Illusion: il sole penetra le illusioni	2.8	summer	2013
Hajime no Ippo: Rising	4.5	fall	2013
Kuroko's Basketball 2	4.5	fall	2013
Magi: The Kingdom of Magic	4.4	fall	2013
Log Horizon	4.4	fall	2013
Little Busters! Refrain	4.3	fall	2013
Yowamushi Pedal	4.3	fall	2013
Ace of the Diamond	4.3	fall	2013
Kill La Kill	4.2	fall	2013
A Lull in the Sea	4.2	fall	2013
Non Non Biyori	4.2	fall	2013
Golden Time	4.1	fall	2013
Beyond the Boundary	4.1	fall	2013
Tokyo Ravens	4.1	fall	2013
Kyousougiga	4.1	fall	2013
White Album 2	4	fall	2013
Gundam Build Fighters	4	fall	2013
Valvrave the Liberator 2	3.9	fall	2013
Outbreak Company	3.9	fall	2013
Yozakura Quartet: Hana no Uta	3.9	fall	2013
Aoki Hagane no Arpeggio: Ars Nova	3.8	fall	2013
Strike the Blood	3.8	fall	2013
My Mental Choices are Completely Interfering with my School Romantic Comedy	3.8	fall	2013
Unbreakable Machine-Doll	3.8	fall	2013
Pokemon XY	3.8	fall	2013
Aikatsu! 2	3.7	fall	2013
Phi Brain: Puzzle of God 3	3.7	fall	2013
Gingitsune: Messenger Fox of the Gods	3.7	fall	2013
Freezing Vibration	3.5	fall	2013
I Couldn't Become a Hero, So I Reluctantly Decided to Get a Job.	3.5	fall	2013
Infinite Stratos 2	3.4	fall	2013
Samurai Flamenco	3.2	fall	2013
Teekyuu 3	3.1	fall	2013
Super Seisyun Brothers	3.1	fall	2013
Coppelion	3	fall	2013
Galilei Donna	2.9	fall	2013
Chihayafuru 2	4.5	winter	2013
Nekomonogatari (Black)	4.3	winter	2013
Minami-ke Tadaima	4.2	winter	2013
Problem Children Are Coming From Another World, Aren't They?	4.2	winter	2013
Hetalia: The Beautiful World	4.1	winter	2013
Haganai: I Don't Have Many Friends NEXT	4.1	winter	2013
Zettai Karen Children: The Unlimited - Hyoubu Kyousuke	4.1	winter	2013
AKB0048: Next Stage	4	winter	2013
Maoyu: Archenemy & Hero	3.9	winter	2013
The Troubled Life of Miss Kotoura	3.9	winter	2013
Love Live! School Idol Project	3.9	winter	2013
Hakkenden: Eight Dogs of the East	3.9	winter	2013
GJ-bu	3.8	winter	2013
Tamako Market	3.8	winter	2013
Cardfight!! Vanguard: Link Joker	3.7	winter	2013
OreShura	3.7	winter	2013
Senyuu.	3.6	winter	2013
Pokemon: Black & White: Adventures in Unova	3.4	winter	2013
Cuticle Detective Inaba	3.3	winter	2013
Dokidoki! Pretty Cure	3.2	winter	2013
Encouragement of Climb	3.2	winter	2013
Da Capo III	3	winter	2013
gdgd Fairies 2	3	winter	2013
Sasami-san@Ganbaranai	2.9	winter	2013
Vividred Operation	2.9	winter	2013
Amnesia	2.7	winter	2013
Larva: House	2.7	winter	2013
Senran Kagura	2.6	winter	2013
Bakumatsu Gijinden Roman	2.4	winter	2013
Mangirl!	2.4	winter	2013
Line Offline Salaryman	2.3	winter	2013
Ishida and Asakura	2	winter	2013
Ai Mai Mii	2	winter	2013
Beast Saga	1.8	winter	2013
Straight Title Robot Anime	1.8	winter	2013
Mushishi Zoku Shou	4.6	spring	2014
Haikyuu!!	4.6	spring	2014
No Game No Life	4.5	spring	2014
Ping Pong The Animation	4.4	spring	2014
JoJo's Bizarre Adventure: Stardust Crusaders	4.4	spring	2014
Fairy Tail 2	4.4	spring	2014
Initial D Final Stage	4.4	spring	2014
Baby Steps	4.2	spring	2014
Dragon Ball Z Kai: The Final Chapters	4.2	spring	2014
The World is Still Beautiful	4.2	spring	2014
Love Live! School Idol Project 2	4.2	spring	2014
The Kawai Complex Guide to Manors and Hostel Behavior	4.2	spring	2014
The Irregular at Magic High School	4.1	spring	2014
Knights of Sidonia	4.1	spring	2014
One Week Friends	4	spring	2014
Lady Jewelpet	3.9	spring	2014
Broken Blade TV	3.9	spring	2014
Date a Live II	3.9	spring	2014
Black Bullet	3.9	spring	2014
Chaika: The Coffin Princess	3.9	spring	2014
Is the Order a Rabbit?	3.7	spring	2014
Nanana's Buried Treasure	3.7	spring	2014
Kamigami no Asobi	3.7	spring	2014
Mekaku City Actors	3.6	spring	2014
The Comic Artist and His Assistants	3.6	spring	2014
Selector Infected WIXOSS	3.6	spring	2014
Kindaichi Shounen no Jikenbo Returns	3.5	spring	2014
Brynhildr in the Darkness	3.5	spring	2014
Cardfight!! Vanguard: Legion Mate	3.5	spring	2014
Gudetama	3.4	spring	2014
Lovely Movie: Lovely Muuuuuuuco! 2	3.4	spring	2014
Yu-Gi-Oh! Arc-V	3.4	spring	2014
Riddle Story of Devil	3.3	spring	2014
Dragonar Academy	3.2	spring	2014
Captain Earth	3	spring	2014
Barakamon	4.5	summer	2014
Black Butler: Book of Circus	4.4	summer	2014
Terror in Resonance	4.3	summer	2014
Monthly Girls' Nozaki-kun	4.3	summer	2014
Space Dandy 2	4.3	summer	2014
Tokyo Ghoul	4.3	summer	2014
Blue Spring Ride	4.2	summer	2014
Free! Eternal Summer	4.2	summer	2014
Akame ga Kill!	4.2	summer	2014
Love Stage!!	4.1	summer	2014
Aldnoah.Zero	4	summer	2014
Nobunaga Concerto	3.9	summer	2014
Sword Art Online II	3.9	summer	2014
Re: Hamatora	3.8	summer	2014
Sabagebu! Survival Game Club	3.8	summer	2014
Fate/Kaleid Liner Prisma Illya 2wei!	3.7	summer	2014
Encouragement of Climb 2	3.7	summer	2014
Invaders of the Rokujyouma!?	3.7	summer	2014
Hanayamata	3.7	summer	2014
PriPara	3.7	summer	2014
Blade Dance of the Elementalers	3.5	summer	2014
Sengoku Basara: Judge End	3.4	summer	2014
Persona 4 the Golden Animation	3.3	summer	2014
Tokyo ESP	3.3	summer	2014
LocoDol	3.3	summer	2014
Magimoji Rurumo	3.3	summer	2014
Yamishibai: Japanese Ghost Stories 2nd Season	3	summer	2014
Rail Wars!	3	summer	2014
Argevollen	2.9	summer	2014
Jinsei	2.7	summer	2014
DRAMAtical Murder	2.6	summer	2014
Mobile Suit Gundam-san	2.5	summer	2014
Sin Strange+	2.5	summer	2014
Glasslip	2.3	summer	2014
Ai Mai Mii: Mousou Catastrophe	2.3	summer	2014
Mushishi Zoku Shou 2nd Season	4.6	fall	2014
Your lie in April	4.5	fall	2014
Parasyte -the maxim-	4.5	fall	2014
Fate/stay night: Unlimited Blade Works	4.4	fall	2014
The Seven Deadly Sins	4.4	fall	2014
Yona of the Dawn	4.4	fall	2014
Yowamushi Pedal: Grande Road	4.4	fall	2014
Shirobako	4.3	fall	2014
Log Horizon 2	4.3	fall	2014
Magic Kaito 1412	4.2	fall	2014
Rage of Bahamut: Genesis	4.1	fall	2014
Psycho-Pass 2	4.1	fall	2014
Amagi Brilliant Park	4.1	fall	2014
The Fruit of Grisaia	4	fall	2014
Gundam Build Fighters Try	3.9	fall	2014
Gugure! Kokkuri-san	3.9	fall	2014
Trinity Seven	3.9	fall	2014
Wolf Girl and Black Prince	3.9	fall	2014
Lord Marksman and Vanadis	3.9	fall	2014
I Can't Understand What My Husband is Saying	3.9	fall	2014
World Trigger	3.9	fall	2014
Chaika: The Coffin Princess - Avenging Battle	3.9	fall	2014
Selector Spread WIXOSS	3.9	fall	2014
Laughing Under the Clouds	3.8	fall	2014
Yuuki Yuuna is a Hero	3.7	fall	2014
When Supernatural Battles Became Commonplace	3.7	fall	2014
Garo The Animation	3.7	fall	2014
Cross Ange: Rondo of Angels and Dragons	3.7	fall	2014
Aikatsu! 3	3.6	fall	2014
Denki-Gai	3.6	fall	2014
Orenchi no Furo Jijou	3.5	fall	2014
Terra Formars	3.4	fall	2014
A Good Librarian Like a Good Shepherd	3.4	fall	2014
Cardfight!! Vanguard G	3.3	fall	2014
Ronja, the Robber's Daughter	3.3	fall	2014
Silver Spoon 2nd Season	4.4	winter	2014
Noragami	4.4	winter	2014
Seitokai Yakuindomo*	4.2	winter	2014
Nisekoi	4.1	winter	2014
Love, Chunibyo & Other Delusions! Heart Throb	4.1	winter	2014
Tonari no Seki-kun: The Master of Killing Time	4	winter	2014
Space Dandy	4	winter	2014
Hozuki's Coolheadedness	4	winter	2014
D-Frag!	4	winter	2014
Engaged to the Unidentified	4	winter	2014
Saki: The Nationals	3.8	winter	2014
Hamatora	3.8	winter	2014
Inari Kon Kon	3.8	winter	2014
Witch Craft Works	3.7	winter	2014
Buddy Complex	3.7	winter	2014
The Pilot's Love Song	3.6	winter	2014
World Conquest Zvezda Plot	3.5	winter	2014
Sakura Trick	3.4	winter	2014
Nobunagun	3.4	winter	2014
No-Rin	3.3	winter	2014
Wake Up, Girls!	3.3	winter	2014
Pupipo!	3.3	winter	2014
Happiness Charge Pretty Cure!	3.2	winter	2014
Future Card Buddyfight	3.2	winter	2014
Tesagure! Bukatsumono Encore	3.1	winter	2014
Youkai Watch	2.9	winter	2014
Nobunaga the Fool	2.9	winter	2014
Z/X: Ignition	2.9	winter	2014
Maken-ki! Two	2.8	winter	2014
Onee-chan ga Kita	2.8	winter	2014
Magical Warfare	2.7	winter	2014
Wizard Barristers: Benmashi Cecil	2.7	winter	2014
Robot Girls Z	2.7	winter	2014
Wooser no Sono Higurashi 2	2.6	winter	2014
Recently, My Sister is Unusual.	2.6	winter	2014
Gintama (2015)	4.6	spring	2015
Food Wars! Shokugeki no Souma	4.5	spring	2015
Fate/stay night: Unlimited Blade Works 2	4.4	spring	2015
Ace of the Diamond: Second Season	4.4	spring	2015
Baby Steps 2	4.4	spring	2015
My Teen Romantic Comedy SNAFU TOO!	4.4	spring	2015
My Love Story!!	4.3	spring	2015
Is It Wrong to Try to Pick Up Girls in a Dungeon?	4.3	spring	2015
The Eden of Grisaia	4.3	spring	2015
Knights of Sidonia: Battle for Planet Nine	4.2	spring	2015
Sound! Euphonium	4.2	spring	2015
The Heroic Legend of Arslan	4.2	spring	2015
Yamada-kun and the Seven Witches	4.2	spring	2015
Seraph of the End	4.1	spring	2015
High School DxD BorN	4.1	spring	2015
Plastic Memories	4.1	spring	2015
Blood Blockade Battlefront	4	spring	2015
Nisekoi:	4	spring	2015
Hello!! KINMOZA!	3.9	spring	2015
I Can’t Understand What My Husband Is Saying: 2nd Thread	3.9	spring	2015
Ghost in the Shell: Arise - Alternative Architecture	3.9	spring	2015
Joker 2	3.8	spring	2015
PriPara 2	3.8	spring	2015
Uta no Prince-sama: Maji Love Revolutions	3.7	spring	2015
Future Card Buddyfight 100	3.7	spring	2015
Saint Seiya: Soul of Gold	3.4	spring	2015
Show By Rock!!	3.4	spring	2015
Ultimate Otaku Teacher	3.4	spring	2015
RIN-NE	3.3	spring	2015
Punch Line	3.3	spring	2015
Magical Girl Lyrical Nanoha ViVid	3.2	spring	2015
Mikagura School Suite	3.2	spring	2015
Teekyuu 4	3.1	spring	2015
Tesagure! Bukatsumono: Spin-off Puru Purun Sharumu to Asobou	3.1	spring	2015
The Disappearance of Nagato Yuki-chan	3.1	spring	2015
Overlord	4.4	summer	2015
Non Non Biyori Repeat	4.3	summer	2015
Working!!!	4.3	summer	2015
Junjou Romantica 3	4.3	summer	2015
Durarara!! X2 The Second Arc	4.3	summer	2015
Snow White with the Red Hair	4.3	summer	2015
GATE	4.3	summer	2015
Charlotte	4.2	summer	2015
Lupin III: Part IV	4.2	summer	2015
Dragon Ball Super	4.1	summer	2015
To Love Ru: Darkness 2nd	4.1	summer	2015
Gangsta.	4.1	summer	2015
School-Live!	4.1	summer	2015
Ushio and Tora TV	4.1	summer	2015
Prison School	4	summer	2015
SHIMONETA: A Boring World Where the Concept of Dirty Jokes Doesn’t Exist	3.9	summer	2015
Rokka: Braves of the Six Flowers	3.9	summer	2015
Aoharu x Machinegun	3.9	summer	2015
God Eater	3.8	summer	2015
Himouto! Umaru-chan	3.8	summer	2015
Symphogear GX	3.8	summer	2015
Fate/kaleid Liner Prisma Illya 2wei Herz!	3.8	summer	2015
Monster Musume no Iru Nichijou	3.7	summer	2015
Gatchaman Crowds Insight	3.7	summer	2015
The iDOLM@STER: Cinderella Girls Second Series	3.7	summer	2015
Actually, I Am…	3.6	summer	2015
Castle Town Dandelion	3.6	summer	2015
Seiyuu's Life!	3.3	summer	2015
Classroom☆Crisis	3.3	summer	2015
Sky Wizards Academy	3.2	summer	2015
My Wife Is the Student Council President!	3.1	summer	2015
Wakaba*Girl	3.1	summer	2015
Teekyuu 5	3.1	summer	2015
Wakako-zake	3.1	summer	2015
Ranpo Kitan: Game of Laplace	3	summer	2015
Haikyuu!! Second Season	4.6	fall	2015
One-Punch Man	4.6	fall	2015
Noragami Aragoto	4.5	fall	2015
Owarimonogatari	4.4	fall	2015
Mobile Suit Gundam: Iron-Blooded Orphans	4.3	fall	2015
Seraph of the End: Battle in Nagoya	4.2	fall	2015
Yuru Yuri San☆Hai!	4.2	fall	2015
K: Return of Kings	4.1	fall	2015
Is the Order a Rabbit?? Season 2	4.1	fall	2015
Mr. Osomatsu	4.1	fall	2015
Pokemon XY & Z	4.1	fall	2015
Chivalry of a Failed Knight	4.1	fall	2015
Beautiful Bones: Sakurako’s Investigation	3.9	fall	2015
Kindaichi Shounen no Jikenbo Returns (2015)	3.9	fall	2015
Fafner Exodus 2nd Season	3.9	fall	2015
Utawarerumono: The False Faces	3.8	fall	2015
The Asterisk War	3.7	fall	2015
Young Black Jack	3.7	fall	2015
The Testament of Sister New Devil BURST	3.7	fall	2015
Aikatsu! 4	3.7	fall	2015
The Perfect Insider	3.7	fall	2015
Heavy Object	3.6	fall	2015
Cardfight!! Vanguard G: GIRS Crisis	3.6	fall	2015
Anti-Magic Academy: The 35th Test Platoon	3.6	fall	2015
Shomin Sample	3.4	fall	2015
Shin Atashinchi	3.3	fall	2015
Dance with Devils	3.2	fall	2015
Attack on Titan: Junior High	3.2	fall	2015
STARMYU	3.2	fall	2015
Miss Monochrome 3	3.1	fall	2015
Concrete Revolutio	2.9	fall	2015
Teekyuu 6	2.9	fall	2015
Neko Nanka Yonde mo Konai.	2.8	fall	2015
Ketsuekigata-kun! 3	2.7	fall	2015
Mini Hama	2.7	fall	2015
Kuroko's Basketball 3	4.5	winter	2015
JoJo’s Bizarre Adventure: Stardust Crusaders - Battle in Egypt	4.5	winter	2015
Kamisama Kiss 2nd Season	4.5	winter	2015
Death Parade	4.4	winter	2015
Assassination Classroom	4.4	winter	2015
Durarara!! X2	4.3	winter	2015
Tokyo Ghoul √A	4	winter	2015
Saekano: How to Raise a Boring Girlfriend	3.9	winter	2015
Aldnoah.Zero 2nd Season	3.9	winter	2015
Go! Princess Pretty Cure	3.8	winter	2015
Dog Days''	3.7	winter	2015
World Break: Aria of Curse for a Holy Swordsman	3.7	winter	2015
Maria the Virgin Witch	3.7	winter	2015
Fafner Exodus	3.6	winter	2015
The iDOLM@STER: Cinderella Girls	3.6	winter	2015
The Testament of Sister New Devil	3.5	winter	2015
Absolute Duo	3.3	winter	2015
Kantai Collection: Kan Colle	3.2	winter	2015
Yurikuma Arashi	3.1	winter	2015
Cute High Earth Defense Club LOVE!	3.1	winter	2015
Gourmet Girl Graffiti	3.1	winter	2015
The Rolling Girls	2.9	winter	2015
Yatterman Night	2.9	winter	2015
Unlimited Fafnir	2.8	winter	2015
Samurai Warriors	2.8	winter	2015
Ketsuekigata-kun! 2	2.7	winter	2015
Tantei Opera Milky Holmes TD	2.6	winter	2015
Shounen Hollywood: Holly Stage for 50	2.6	winter	2015
Isuca	2.5	winter	2015
Minna Atsumare! Falcom Gakuen SC	2.4	winter	2015
Military!	2	winter	2015
Doamayger-D	1.8	winter	2015
Onnanoko tte.	1.7	winter	2015
Washimo 3	1.6	winter	2015
Lalala Lala-chan	1.6	winter	2015
JoJo's Bizarre Adventure: Diamond is Unbreakable	4.5	spring	2016
My Hero Academia	4.5	spring	2016
Re:ZERO -Starting Life in Another World-	4.4	spring	2016
Magi: Adventure of Sinbad	4.4	spring	2016
Ushio and Tora TV (2016)	4.3	spring	2016
Tanaka-kun is Always Listless	4.2	spring	2016
Bungou Stray Dogs	4.2	spring	2016
Pretty Guardian Sailor Moon Crystal (2016)	4.1	spring	2016
Aggretsuko (2016)	4.1	spring	2016
Kabaneri of the Iron Fortress	4	spring	2016
Flying Witch	4	spring	2016
Haven't You Heard? I'm Sakamoto	4	spring	2016
Kiznaiver	3.9	spring	2016
Shounen Maid	3.9	spring	2016
Super Lovers	3.9	spring	2016
The Asterisk War (2016)	3.9	spring	2016
Aikatsu Stars!	3.9	spring	2016
Kuromukuro	3.8	spring	2016
Space Patrol Luluco	3.8	spring	2016
Honobono Log	3.8	spring	2016
Mobile Suit Gundam Unicorn RE:0096	3.8	spring	2016
RIN-NE 2	3.8	spring	2016
Twin Star Exorcists	3.8	spring	2016
Joker Game	3.7	spring	2016
PriPara 3	3.7	spring	2016
Cardfight!! Vanguard G: Stride Gate	3.6	spring	2016
High School Fleet	3.6	spring	2016
Macross Delta	3.6	spring	2016
And you thought there is never a girl online?	3.6	spring	2016
Joker 3	3.6	spring	2016
Concrete Revolutio: The Last Song	3.5	spring	2016
Three Leaves, Three Colors	3.5	spring	2016
Future Card Buddyfight Triple D	3.5	spring	2016
Anne-Happy	3.4	spring	2016
Terra Formars: Revenge	3.3	spring	2016
Mob Psycho 100	4.5	summer	2016
Food Wars! The Second Plate	4.5	summer	2016
The Disastrous Life of Saiki K.	4.5	summer	2016
Alderamin on the Sky	4.2	summer	2016
91 Days	4.2	summer	2016
D.Gray-man Hallow	4.2	summer	2016
The Heroic Legend of Arslan: Dust Storm Dance	4.2	summer	2016
Orange	4.2	summer	2016
Sweetness & Lightning	4.1	summer	2016
New Game!	4.1	summer	2016
The Morose Mononokean	4.1	summer	2016
Danganronpa 3: The End of Hope's Peak Academy- Despair Arc	4.1	summer	2016
The Seven Deadly Sins: Signs of Holy War	4.1	summer	2016
Danganronpa 3: The End of Hope's Peak Academy- Future Arc	4	summer	2016
Thunderbolt Fantasy	4	summer	2016
Tales of Zestiria: The X	4	summer	2016
Handa-kun	4	summer	2016
Fate/Kaleid Liner Prisma Illya 3rei!!	4	summer	2016
Days	3.9	summer	2016
Love Live! Sunshine!!	3.9	summer	2016
This Art Club Has a Problem!	3.8	summer	2016
Amanchu!	3.8	summer	2016
Servamp	3.6	summer	2016
Cheer Boys!!	3.5	summer	2016
Cute High Earth Defense Club LOVE! LOVE!	3.4	summer	2016
Berserk (2016)	3.4	summer	2016
Rewrite	3.2	summer	2016
The Highschool Life of a Fudanshi	3.2	summer	2016
Tsukiuta. The Animation	3.2	summer	2016
B-PROJECT	3.2	summer	2016
Hitori no Shita: The Outcast	3.1	summer	2016
Qualidea Code	3.1	summer	2016
Bananya	2.9	summer	2016
Time Travel Girl	2.9	summer	2016
Taboo-Tattoo	2.7	summer	2016
Haikyuu!! Karasuno High School vs Shiratorizawa Academy	4.7	fall	2016
Natsume's Book of Friends Season 5	4.6	fall	2016
Bungou Stray Dogs 2nd Season	4.4	fall	2016
Yuri!!! on Ice	4.4	fall	2016
Mobile Suit Gundam: Iron-Blooded Orphans 2	4.4	fall	2016
March Comes in like a Lion	4.4	fall	2016
Sound! Euphonium 2	4.3	fall	2016
Drifters	4.3	fall	2016
Ajin: Demi-Human 2nd Season	4.2	fall	2016
Poco's Udon World	4.2	fall	2016
The Great Passage	4.1	fall	2016
FLIP FLAPPERS	4	fall	2016
www.Working!!	3.9	fall	2016
Kiss Him, Not Me	3.9	fall	2016
Nanbaka	3.9	fall	2016
Magic-Kyun! Renaissance	3.9	fall	2016
Uta no Prince-sama: Maji Love Legend Star	3.8	fall	2016
Joker 4	3.7	fall	2016
All Out!!	3.7	fall	2016
Cardfight!! Vanguard G: Next	3.6	fall	2016
Magical Girl Raising Project	3.6	fall	2016
Izetta: The Last Witch	3.6	fall	2016
Keijo!!!!!!!!	3.5	fall	2016
Pokemon Sun & Moon	3.5	fall	2016
Show By Rock!!#	3.5	fall	2016
Ninja Girl & Samurai Master	3.5	fall	2016
Chi's Sweet Adventure	3.5	fall	2016
ViVid Strike!	3.4	fall	2016
Brave Witches	3.4	fall	2016
Scorching Ping Pong Girls	3.4	fall	2016
Girlish Number	3.3	fall	2016
My Wife is the Student Council President+!	3.3	fall	2016
Magic of Stella	3.3	fall	2016
Bubuki Buranki: The Gentle Giants of the Galaxy	3.3	fall	2016
To Be Hero	3.2	fall	2016
Assassination Classroom 2nd Season	4.5	winter	2016
ERASED	4.5	winter	2016
Shouwa Genroku Rakugo Shinjuu	4.5	winter	2016
Snow White with the Red Hair 2nd Season	4.4	winter	2016
GATE (2016)	4.3	winter	2016
Durarara!! X2 The Third Arc	4.3	winter	2016
KonoSuba – God's blessing on this wonderful world!	4.3	winter	2016
She and Her Cat: Everything Flows	4.2	winter	2016
Grimgar of Fantasy and Ash	4.1	winter	2016
Ajin: Demi-Human	4	winter	2016
Dimension W	3.9	winter	2016
Rainbow Days	3.8	winter	2016
Reikenzan: Hoshikuzu-tachi no Utage	3.7	winter	2016
Prince of Stride: Alternative	3.6	winter	2016
Please tell me! Galko-chan	3.6	winter	2016
Mahou Tsukai Pretty Cure!	3.5	winter	2016
This Boy is a Professional Wizard	3.5	winter	2016
Myriad Colors Phantom World	3.5	winter	2016
Undefeated Bahamut Chronicle	3.4	winter	2016
Rilu Rilu Fairilu: Yousei no Door	3.2	winter	2016
Dagashi Kashi	3.2	winter	2016
Ojisan and Marshmallow	3.2	winter	2016
AOKANA: Four Rhythm Across the Blue	3.2	winter	2016
Schwarzesmarken	3.1	winter	2016
Teekyuu 7	3	winter	2016
Norn9	2.9	winter	2016
Ooya-san wa Shishunki!	2.9	winter	2016
Girls Beyond the Wasteland	2.8	winter	2016
Phantasy Star Online 2 The Animation	2.8	winter	2016
Haruchika: Haruta & Chika	2.8	winter	2016
Yamishibai: Japanese Ghost Stories 3rd Season	2.7	winter	2016
Luck & Logic	2.7	winter	2016
Pandora in the Crimson Shell: Ghost Urn	2.7	winter	2016
Tabi Machi Late Show	2.6	winter	2016
Bubuki Buranki	2.6	winter	2016
Natsume's Book of Friends Season 6	4.6	spring	2017
My Hero Academia 2	4.6	spring	2017
Attack on Titan 2nd Season	4.5	spring	2017
Quan Zhi Gao Shou	4.3	spring	2017
The Eccentric Family 2	4.3	spring	2017
Tsukigakirei	4.2	spring	2017
WorldEnd: What do you do at the end of the world? Are you busy? Will you save us?	4.1	spring	2017
Rage of Bahamut: Virgin Soul	4.1	spring	2017
Saekano: How to Raise a Boring Girlfriend Flat	4.1	spring	2017
The Royal Tutor	4.1	spring	2017
Aikatsu Stars! Hoshi no Tsubasa	4.1	spring	2017
Re:Creators	4	spring	2017
Grimoire of Zero	3.9	spring	2017
Akashic Records of Bastard Magic Instructor	3.9	spring	2017
Sakura Quest	3.8	spring	2017
Berserk (2017)	3.8	spring	2017
Sword Oratoria: Is it Wrong to Try to Pick Up Girls in a Dungeon? On the Side	3.8	spring	2017
STARMYU 2	3.8	spring	2017
Alice & Zouroku	3.8	spring	2017
RIN-NE 3	3.7	spring	2017
Beyblade: Burst God	3.7	spring	2017
Ninja Girl & Samurai Master 2nd Season	3.7	spring	2017
Armed Girl’s Machiavellism	3.7	spring	2017
Anonymous Noise	3.6	spring	2017
KADO: The Right Answer	3.6	spring	2017
Future Card Buddyfight X	3.6	spring	2017
Tsugumomo	3.5	spring	2017
Folktales from Japan 2nd Season	3.5	spring	2017
Boruto: Naruto Next Generations	3.4	spring	2017
Kenka Banchou Otome: Girl Beats Boys	3.4	spring	2017
Atom: The Beginning	3.4	spring	2017
Love Tyrant	3.4	spring	2017
Sakurada Reset	3.4	spring	2017
Granblue Fantasy The Animation	3.3	spring	2017
Eromanga Sensei	3.3	spring	2017
Made in Abyss	4.6	summer	2017
Welcome to the Ballroom	4.3	summer	2017
Classroom of the Elite	4.3	summer	2017
New Game!!	4.2	summer	2017
Tsuredure Children	4.2	summer	2017
Hitorijime My Hero	4.1	summer	2017
Kakegurui	4	summer	2017
Mahoujin Guru Guru (2017)	4	summer	2017
Princess Principal	4	summer	2017
Knight's & Magic	4	summer	2017
Restaurant to Another World	4	summer	2017
Symphogear AXZ	3.9	summer	2017
Saiyuki Reload Blast	3.8	summer	2017
Fate/Apocrypha	3.8	summer	2017
Elegant Youkai Apartment Life	3.7	summer	2017
Altair: A Record of Battles	3.7	summer	2017
Gamers!	3.7	summer	2017
Aho-Girl	3.5	summer	2017
In Another World With My Smartphone	3.5	summer	2017
Clean Freak! Aoyama-kun	3.4	summer	2017
Love and Lies	3.3	summer	2017
Pig: The Dam Keeper Poems	3.3	summer	2017
Katsugeki! Touken Ranbu	3.2	summer	2017
Fastest Finger First	3.2	summer	2017
Hell Girl: Fourth Twilight	3.2	summer	2017
My First Girlfriend is a Gal	3.1	summer	2017
Teekyuu 9	3	summer	2017
Angel's 3Piece!	3	summer	2017
Yamishibai: Japanese Ghost Stories 5th Season	2.9	summer	2017
A Centaur's Life	2.9	summer	2017
Convenience Store Boy Friends	2.8	summer	2017
Hina Logi: From Luck & Logic	2.8	summer	2017
Action Heroine Cheer Fruits	2.7	summer	2017
Chronos Ruler	2.6	summer	2017
DIVE!!	2.6	summer	2017
March Comes in like a Lion 2nd Season	4.6	fall	2017
Gintama: Porori-hen	4.5	fall	2017
Food Wars! The Third Plate	4.5	fall	2017
The Ancient Magus' Bride	4.4	fall	2017
Land of the Lustrous	4.4	fall	2017
Hozuki's Coolheadedness 2nd Season	4.3	fall	2017
Blood Blockade Battlefront & Beyond	4.3	fall	2017
Girls' Last Tour	4.2	fall	2017
Recovery of an MMO Junkie	4.2	fall	2017
Inuyashiki: Last Hero	4.1	fall	2017
Mr. Osomatsu 2nd Season	4.1	fall	2017
Black Clover	4.1	fall	2017
Our love has always been 10 centimeters apart.	4.1	fall	2017
Yuuki Yuuna is a Hero: The Hero Chapter	4	fall	2017
Kino's Journey -the Beautiful World- the Animated Series	4	fall	2017
Blend S	4	fall	2017
Love Live! Sunshine!! 2nd Season	4	fall	2017
Himouto! Umaru-chan R	4	fall	2017
Hitori no Shita: The Outcast 2nd Season	4	fall	2017
Konohana Kitan	3.9	fall	2017
Yuuki Yuuna is a Hero: The Washio Sumi Chapter	3.8	fall	2017
Children of the Whales	3.8	fall	2017
UQ Holder!	3.8	fall	2017
Just Because!	3.7	fall	2017
Garo: Vanishing Line	3.6	fall	2017
A Sister's All You Need	3.6	fall	2017
The iDOLM@STER SideM	3.4	fall	2017
Cardfight!! Vanguard G: Z	3.4	fall	2017
Juni Taisen: Zodiac War	3.3	fall	2017
Love is Like a Cocktail	3.3	fall	2017
Code: Realize ~Guardian of Rebirth~	3.3	fall	2017
Pingu in the City	3.2	fall	2017
The iDOLM@STER: Cinderella Girls Theater 2nd Season	3.2	fall	2017
ClassicaLoid 2nd Season	3.2	fall	2017
Wake Up, Girls! New Chapter	3	fall	2017
Gintama.	4.6	winter	2017
Descending Stories: Shouwa Genroku Rakugo Shinjuu	4.6	winter	2017
KonoSuba – God's blessing on this wonderful world! 2	4.4	winter	2017
Youjo Senki: Saga of Tanya the Evil	4.4	winter	2017
Miss Kobayashi's Dragon Maid	4.3	winter	2017
Little Witch Academia TV	4.3	winter	2017
Interviews with Monster Girls	4.2	winter	2017
Blue Exorcist: Kyoto Saga	4.2	winter	2017
Yowamushi Pedal: New Generation	4.2	winter	2017
Super Lovers 2	4.1	winter	2017
ACCA: 13-Territory Inspection Dept.	4	winter	2017
Tales of Zestiria: The X (2017)	4	winter	2017
Gabriel Dropout	3.9	winter	2017
Scum's Wish	3.9	winter	2017
Reikenzan: Eichi e no Shikaku	3.8	winter	2017
Rewrite 2	3.8	winter	2017
Onihei	3.7	winter	2017
Masamune-kun's Revenge	3.6	winter	2017
Kemono Friends	3.5	winter	2017
Fuuka	3.4	winter	2017
Urara Meirochou	3.4	winter	2017
Spiritpact	3.3	winter	2017
Kirakira Pretty Cure a la Mode	3.3	winter	2017
Chain Chronicle: The Light of Haecceitas	3.3	winter	2017
BanG Dream!	3.3	winter	2017
Marginal#4: Kiss kara Tsukuru Big Bang	3.2	winter	2017
Pikaia!!	3.2	winter	2017
Nyanko Days	3.1	winter	2017
Akiba's Trip: The Animation	3	winter	2017
Gan Gan Ganko-chan	2.9	winter	2017
Chaos;Child	2.8	winter	2017
Seiren	2.8	winter	2017
Minami Kamakura High School Girls Cycling Club	2.7	winter	2017
Sengoku Choujuu Giga: Otsu	2.6	winter	2017
Ai Mai Mii: Surgical Friends	2.4	winter	2017
My Hero Academia 3	4.6	spring	2018
Food Wars! The Third Plate: Totsuki Train Arc	4.5	spring	2018
Steins;Gate 0	4.5	spring	2018
Hinamatsuri	4.4	spring	2018
Hozuki's Coolheadedness 2nd Season: Part II	4.4	spring	2018
Wotakoi: Love is Hard for Otaku	4.4	spring	2018
Lupin III: Part V	4.3	spring	2018
Megalo Box	4.3	spring	2018
Golden Kamuy	4.2	spring	2018
Kakuriyo: Bed & Breakfast for Spirits	4.2	spring	2018
Legend of the Galactic Heroes: Die Neue These	4.1	spring	2018
Full Metal Panic! Invisible Victory	4.1	spring	2018
Major 2nd	4.1	spring	2018
Yotsuiro Biyori	4.1	spring	2018
High School DxD Hero	4	spring	2018
Future Card Buddyfight Ace	4	spring	2018
Tada Never Falls in Love	4	spring	2018
Forest of Piano	3.9	spring	2018
Sword Art Online Alternative: Gun Gale Online	3.9	spring	2018
Dragon Pilot: Hisone & Masotan	3.9	spring	2018
Amanchu! Advance	3.8	spring	2018
Comic Girls	3.8	spring	2018
Isekai Izakaya: Japanese Food From Another World	3.8	spring	2018
Captain Tsubasa (2018)	3.8	spring	2018
Future Card Buddyfight: All-Star Fight	3.8	spring	2018
Tokyo Ghoul:re	3.8	spring	2018
Ninja Girl & Samurai Master 3rd Season	3.7	spring	2018
Uma Musume: Pretty Derby	3.7	spring	2018
Meow Meow Japanese History 3rd Season	3.7	spring	2018
Devils' Line	3.6	spring	2018
Aikatsu Friends!	3.6	spring	2018
GeGeGe no Kitarou (2018)	3.6	spring	2018
Persona 5 the Animation	3.5	spring	2018
Lostorage Conflated WIXOSS	3.5	spring	2018
Real Girl	3.4	spring	2018
Gintama.: Shirogane no Tamashii-hen 2	4.6	summer	2018
Attack on Titan 3rd Season	4.5	summer	2018
Overlord III	4.5	summer	2018
Banana Fish	4.4	summer	2018
Grand Blue	4.3	summer	2018
Asobi Asobase	4.3	summer	2018
Cells at Work!	4.2	summer	2018
Free! Dive to the Future	4.2	summer	2018
Hi Score Girl	4.1	summer	2018
Ani ni Tsukeru Kusuri wa Nai! 2	4.1	summer	2018
Encouragement of Climb 3	4	summer	2018
Chio's School Road	4	summer	2018
How NOT to Summon a Demon Lord	3.9	summer	2018
BanG Dream! Girls Band Party! Pico	3.9	summer	2018
Revue Starlight	3.8	summer	2018
Planet With	3.8	summer	2018
Angolmois: Record of Mongol Invasion	3.7	summer	2018
Sirius the Jaeger	3.7	summer	2018
Yuuna and the Haunted Hot Springs	3.6	summer	2018
Angels of Death	3.5	summer	2018
Happy Sugar Life	3.5	summer	2018
Holmes of Kyoto	3.5	summer	2018
Hanebado!	3.4	summer	2018
Back Street Girls -GOKUDOLS-	3.4	summer	2018
Harukana Receive	3.4	summer	2018
Miss Caretaker of Sunohara-sou	3.3	summer	2018
Mr. Tonegawa: Middle Management Blues	3.3	summer	2018
Phantom in the Twilight	3.2	summer	2018
Oshiete Mahou no Pendulum: Rilu Rilu Fairilu	3.2	summer	2018
Muhyo & Roji's Bureau of Supernatural Investigation	3.1	summer	2018
We Rent Tsukumogami	3.1	summer	2018
The iDOLM@STER: Cinderella Girls Theater 3rd Season	3.1	summer	2018
Dropkick on My Devil!	2.9	summer	2018
Yamishibai: Japanese Ghost Stories 6th Season	2.9	summer	2018
Seven Senses of the Re'Union	2.8	summer	2018
JoJo's Bizarre Adventure: Golden Wind	4.5	fall	2018
That Time I Got Reincarnated as a Slime	4.5	fall	2018
Rascal Does Not Dream of Bunny Girl Senpai	4.5	fall	2018
Run with the Wind	4.4	fall	2018
Golden Kamuy 2nd Season	4.4	fall	2018
Fairy Tail: Final Season	4.4	fall	2018
Thunderbolt Fantasy: Sword Seekers 2	4.3	fall	2018
Goblin Slayer	4.2	fall	2018
Bloom Into You	4.2	fall	2018
Sword Art Online: Alicization	4.1	fall	2018
Tsurune	4.1	fall	2018
Hinomaru Sumo	4.1	fall	2018
DAKAICHI -I'm being harassed by the sexiest man of the year-	4.1	fall	2018
IRODUKU : The World in Colors	4	fall	2018
Zombieland Saga	4	fall	2018
Boarding School Juliet	3.9	fall	2018
Skull-face Bookseller Honda-san	3.8	fall	2018
Hora, Mimi ga Mieteru yo!	3.8	fall	2018
Inazuma Eleven: Orion no Kokuin	3.7	fall	2018
Ace Attorney Season 2	3.7	fall	2018
SSSS.Gridman	3.7	fall	2018
A Certain Magical Index III	3.7	fall	2018
As Miss Beelzebub Likes.	3.6	fall	2018
Tokyo Ghoul:re 2nd Season	3.6	fall	2018
Ms. Vampire who lives in my neighborhood.	3.5	fall	2018
Karakuri Circus	3.5	fall	2018
FLCL: Alternative	3.5	fall	2018
Gurazeni: Money Pitch 2nd Season	3.5	fall	2018
Radiant	3.5	fall	2018
Double Decker! Doug & Kirill	3.5	fall	2018
UzaMaid!	3.5	fall	2018
Anima Yell!	3.5	fall	2018
Release the Spyce	3.1	fall	2018
Pingu in the City (2018)	3.1	fall	2018
Hashiri Tsuzukete Yokattatte.	3	fall	2018
Gintama.: Shirogane no Tamashii-hen	4.6	winter	2018
The Disastrous Life of Saiki K. 2nd Season	4.5	winter	2018
Violet Evergarden	4.5	winter	2018
The Seven Deadly Sins: Revival of The Commandments	4.4	winter	2018
A Place Further Than the Universe	4.4	winter	2018
Overlord II	4.3	winter	2018
Laid-Back Camp	4.3	winter	2018
School Babysitters	4.3	winter	2018
Cardcaptor Sakura: Clear Card-hen	4.1	winter	2018
IDOLiSH7	4.1	winter	2018
Spiritpact: Bond of The Underworld	4.1	winter	2018
How to Keep a Mummy	4.1	winter	2018
Yowamushi Pedal: Glory Line	4.1	winter	2018
DARLING in the FRANXX	4	winter	2018
After the Rain	4	winter	2018
Teasing Master Takagi-san	4	winter	2018
Hakata Tonkotsu Ramens	4	winter	2018
Hakumei and Mikochi	3.9	winter	2018
Hugtto! Pretty Cure	3.8	winter	2018
Record of Grancrest War	3.8	winter	2018
Zoku Touken Ranbu: Hanamaru	3.8	winter	2018
Death March to the Parallel World Rhapsody	3.7	winter	2018
Mitsuboshi Colors	3.7	winter	2018
Kokkoku: Moment by Moment	3.7	winter	2018
Dagashi Kashi 2	3.5	winter	2018
Pop Team Epic	3.4	winter	2018
Slow Start	3.4	winter	2018
The Ryuo's Work is Never Done!	3.3	winter	2018
Citrus	3.3	winter	2018
The Silver Guardian II	3.2	winter	2018
Sanrio Boys	3.2	winter	2018
Killing Bites	3.2	winter	2018
Mitchiri Neko	3.1	winter	2018
Dame x Prince Anime Caravan	3.1	winter	2018
Katana Maidens: Toji no Miko	3	winter	2018
Attack on Titan 3rd Season: Part II	4.6	spring	2019
Demon Slayer: Kimetsu no Yaiba	4.6	spring	2019
Fruits Basket 1st Season	4.5	spring	2019
Bungou Stray Dogs 3rd Season	4.4	spring	2019
Ace of the Diamond: Act II	4.4	spring	2019
Carole & Tuesday	4.3	spring	2019
Mobile Suit Gundam: The Origin - Advent of the Red Comet	4.3	spring	2019
One-Punch Man 2	4.3	spring	2019
Kono Oto Tomare!	4.1	spring	2019
Isekai Quartet	4.1	spring	2019
Hitoribocchi no OO Seikatsu	4	spring	2019
We Never Learn	3.9	spring	2019
The Helpful Fox Senko-san	3.9	spring	2019
Sarazanmai	3.9	spring	2019
Kiratto Pri-chan 2nd Season	3.9	spring	2019
Senryu Girl	3.9	spring	2019
Wise Man’s Grandchild	3.9	spring	2019
Mix	3.8	spring	2019
I'm From Japan	3.7	spring	2019
Midnight occult civil servants	3.5	spring	2019
Aikatsu Friends! Kagayaki no Jewel	3.5	spring	2019
Ao-chan Can't Study!	3.4	spring	2019
Youkai Watch!	3.3	spring	2019
Cardfight!! Vanguard: Zoku Koukousei-hen	3.3	spring	2019
The iDOLM@STER: Cinderella Girls Theater Climax Season	3.2	spring	2019
Why the Hell are You Here, Teacher!?	3.2	spring	2019
RobiHachi	3	spring	2019
Beyblade: Burst Gachi	3	spring	2019
Million Arthur 2nd Season	3	spring	2019
Gunjou no Magmel	3	spring	2019
Neko no Niagho	3	spring	2019
YU-NO: A Girl Who Chants Love at the Bound of This World	2.9	spring	2019
Wacky TV Na Na Na: Exciting Caveland	2.8	spring	2019
Fairy gone	2.7	spring	2019
Bakumatsu: Crisis	2.7	spring	2019
Vinland Saga	4.6	summer	2019
Given	4.5	summer	2019
Dr. Stone	4.5	summer	2019
Teasing Master Takagi-san 2	4.4	summer	2019
Astra Lost in Space	4.3	summer	2019
Fire Force	4.3	summer	2019
Symphogear XV	4.2	summer	2019
Is It Wrong to Try to Pick Up Girls in a Dungeon? II	4.1	summer	2019
O Maidens in Your Savage Season	4.1	summer	2019
How Heavy Are the Dumbbells You Lift?	3.9	summer	2019
If It's for My Daughter, I'd Even Defeat a Demon Lord	3.9	summer	2019
The Demon Girl Next Door	3.9	summer	2019
A Certain Scientific Accelerator	3.9	summer	2019
Lord El-Melloi II's Case Files {Rail Zeppelin} Grace note	3.8	summer	2019
Wasteful Days of High School Girls	3.8	summer	2019
Arifureta: From Commonplace to World's Strongest	3.8	summer	2019
Demon Lord, Retry!	3.6	summer	2019
Cop Craft	3.6	summer	2019
STARMYU 3	3.5	summer	2019
The Ones Within	3.4	summer	2019
Hensuki: Are you willing to fall in love with a pervert, as long as she’s a cutie?	3.4	summer	2019
Are You Lost?	3.3	summer	2019
Kochoki	3.2	summer	2019
To the Abandoned Sacred Beasts	3.1	summer	2019
Magical Sempai	3	summer	2019
Ensemble Stars!	3	summer	2019
Granbelm	2.9	summer	2019
Re:Stage! Dream Days♪	2.8	summer	2019
Bem	2.8	summer	2019
Yamishibai: Japanese Ghost Stories 7th Season	2.7	summer	2019
Isekai Cheat Magician	2.7	summer	2019
Yubisaki kara no Honki no Netsujou: Osananajimi wa Shouboushi	2.5	summer	2019
Waresho! Warera! Shoudoubutsu Aigo Iinkai	2.4	summer	2019
Do You Love Your Mom and Her Two-Hit Multi-Target Attacks?	2.2	summer	2019
Try Knights	1.8	summer	2019
My Hero Academia 4	4.5	fall	2019
Chihayafuru 3	4.5	fall	2019
Kono Oto Tomare! 2nd Season	4.5	fall	2019
Ascendance of a Bookworm	4.4	fall	2019
Beastars	4.4	fall	2019
Food Wars! The Fourth Plate	4.3	fall	2019
Hi Score Girl II	4.3	fall	2019
Sword Art Online: Alicization - War of Underworld	4.3	fall	2019
Welcome to Demon School, Iruma-kun	4.2	fall	2019
Stars Align	4.2	fall	2019
Radiant 2nd Season	4.2	fall	2019
Psycho-Pass 3	4.1	fall	2019
Fate/Grand Order: Absolute Demonic Front - Babylonia	4.1	fall	2019
Cautious Hero: The Hero Is Overpowered but Overly Cautious	4.1	fall	2019
We Never Learn!	4.1	fall	2019
Pokemon Journeys	4	fall	2019
Ahiru no Sora	4	fall	2019
ORESUKI: Are you the only one who loves me?	4	fall	2019
Blade of the Immortal (2019)	3.9	fall	2019
The Seven Deadly Sins: Wrath of the Gods	3.8	fall	2019
Didn't I Say to Make My Abilities Average in the Next Life?!	3.7	fall	2019
No Guns Life	3.6	fall	2019
Kemono Michi: Rise Up	3.5	fall	2019
High School Prodigies Have It Easy Even in Another World!	3.5	fall	2019
Granblue Fantasy The Animation Season 2	3.4	fall	2019
Babylon	3.4	fall	2019
Fairy gone Part II	3.3	fall	2019
After School Dice Club	3.3	fall	2019
Aikatsu on Parade!	3.3	fall	2019
Zoids Wild Zero	3.2	fall	2019
Case File nº221: Kabukicho	3.2	fall	2019
Bananya and the Curious Bunch	3.2	fall	2019
Outburst Dreamer Boys	3.2	fall	2019
True Cooking Master Boy	3	fall	2019
Assassins Pride	2.9	fall	2019
Mob Psycho 100 II	4.6	winter	2019
The Promised Neverland	4.6	winter	2019
The Rising of the Shield Hero	4.5	winter	2019
Dororo (2019)	4.5	winter	2019
Kaguya-sama: Love Is War	4.5	winter	2019
My Roommate is a Cat	4.3	winter	2019
The Morose Mononokean II	4.2	winter	2019
Real Girl 2nd Season	4.2	winter	2019
The Quintessential Quintuplets	4.1	winter	2019
Kakegurui XX	4.1	winter	2019
Forest of Piano 2nd Season	4	winter	2019
Date a Live III	3.9	winter	2019
BanG Dream! 2nd Season	3.8	winter	2019
Meiji Tokyo Renka	3.7	winter	2019
Domestic Girlfriend	3.7	winter	2019
WATATEN! an Angel Flew Down to Me	3.7	winter	2019
B-PROJECT: Zecchou Emotion	3.6	winter	2019
Star Twinkle Pretty Cure	3.6	winter	2019
Boogiepop and Others	3.4	winter	2019
Endro~!	3.3	winter	2019
The Magnificent KOTOBUKI	3.2	winter	2019
Mysteria Friends	3.1	winter	2019
How Clumsy you are, Miss Ueno	3.1	winter	2019
Kemurikusa	2.9	winter	2019
Magical Girl Spec-Ops Asuka	2.8	winter	2019
Girly Air Force	2.7	winter	2019
revisions	2.7	winter	2019
Papa Datte, Shitai	2.5	winter	2019
Kemono Friends 2	2.4	winter	2019
The Price of Smiles	2.4	winter	2019
Katana Maidens: Mini Toji	2.3	winter	2019
Grimms Notes the Animation	2.3	winter	2019
Circlet Princess	2.2	winter	2019
Mannaka no Rikkun	2.2	winter	2019
Rinshi!! Ekoda-chan	2	winter	2019
Kaguya-sama: Love Is War?	4.6	spring	2020
Fruits Basket 2nd Season	4.6	spring	2020
Ascendance of a Bookworm: Part II	4.5	spring	2020
Kingdom 3	4.5	spring	2020
Major 2nd: Second Season	4.4	spring	2020
Tower of God	4.4	spring	2020
The Millionaire Detective - Balance:Unlimited	4.3	spring	2020
IDOLiSH7: Second BEAT!	4.3	spring	2020
Brand New Animal	4.3	spring	2020
Kakushigoto	4.3	spring	2020
My Next Life as a Villainess: All Routes Lead to Doom!	4.2	spring	2020
Food Wars! The Fifth Plate	4.2	spring	2020
Kiratto Pri-chan 3rd Season	4.2	spring	2020
Tsugumomo 2	4	spring	2020
Arte	4	spring	2020
Appare-Ranman!	3.9	spring	2020
Wave, Listen to Me!	3.9	spring	2020
Cardfight!! Vanguard Gaiden: if	3.9	spring	2020
Gleipnir	3.8	spring	2020
"Sing ""Yesterday"" for Me"	3.8	spring	2020
Diary of Our Days at the Breakwater	3.8	spring	2020
Dropkick on My Devil!! Dash	3.7	spring	2020
Digimon Adventure:	3.7	spring	2020
Beyblade: Burst Super King	3.6	spring	2020
Princess Connect! Re: Dive	3.4	spring	2020
The 8th Son? Are You Kidding Me?	3.4	spring	2020
Argonavis from BanG Dream! Animation	3.2	spring	2020
Extra Olympia Kyklos	3.2	spring	2020
Komatta Jii-san	3	spring	2020
Woodpecker Detective's Office	2.8	spring	2020
TAMAYOMI: The Baseball Girls	2.5	spring	2020
Yu-Gi-Oh! Sevens	2.5	spring	2020
Listeners	2.3	spring	2020
Watanuki-san Chi to	2.3	spring	2020
Bungo and Alchemist: Gears of Judgement	2.3	spring	2020
Re:ZERO -Starting Life in Another World- Season 2	4.5	summer	2020
Fire Force 2nd Season	4.4	summer	2020
My Teen Romantic Comedy SNAFU Climax	4.4	summer	2020
Sword Art Online: Alicization - War of Underworld: Part II	4.3	summer	2020
The God of High School	4.3	summer	2020
The Misfit of Demon King Academy	4.3	summer	2020
Deca-Dence	4	summer	2020
Rent-A-Girlfriend	3.9	summer	2020
Uzaki-chan Wants to Hang Out!	3.9	summer	2020
No Guns Life 2nd Season	3.8	summer	2020
Mr. Love: Queen's Choice	3.5	summer	2020
Muhyo & Roji's Bureau of Supernatural Investigation 2nd Season	3.4	summer	2020
Monster Girl Doctor	3.2	summer	2020
Lapis Re:LiGHTs	2.9	summer	2020
Super HxEros	2.6	summer	2020
Umayon	2.5	summer	2020
Peter Grill and the Philosopher's Time	2.3	summer	2020
The Titan's Bride	2.3	summer	2020
Obake Zukan	1.9	summer	2020
Gibiate	1.7	summer	2020
Chou Futsuu Toshi Kashiwa Densetsu R	1.7	summer	2020
Ninja Collection	1.4	summer	2020
By the Grace of the Gods	4.1	fall	2020
Haikyuu!! To the Top	4.6	winter	2020
Keep Your Hands Off Eizouken!	4.4	winter	2020
Dorohedoro	4.4	winter	2020
A Certain Scientific Railgun T	4.4	winter	2020
Somali and the Forest Spirit	4.3	winter	2020
Toilet-Bound Hanako-kun	4.3	winter	2020
BOFURI: I Don’t Want to Get Hurt, so I’ll Max Out My Defense.	4.3	winter	2020
ID:INVADED	4.2	winter	2020
Interspecies Reviewers	4.1	winter	2020
Darwin's Game	4.1	winter	2020
BanG Dream! 3rd Season	4.1	winter	2020
Isekai Quartet 2	4.1	winter	2020
Smile Down the Runway	4.1	winter	2020
If My Favorite Pop Idol Made it to the Budokan, I Would Die	3.8	winter	2020
The case files of Jeweler Richard	3.8	winter	2020
In/Spectre	3.8	winter	2020
Seton Academy: Join the Pack!	3.7	winter	2020
A3! Season Spring & Summer	3.7	winter	2020
Healin' Good Pretty Cure	3.7	winter	2020
Room Camp	3.6	winter	2020
Show By Rock!! Mashumairesh!!	3.5	winter	2020
Magia Record: Puella Magi Madoka Magica Side Story	3.4	winter	2020
NEKOPARA TV	3.4	winter	2020
Asteroid in Love	3.4	winter	2020
number24	3.3	winter	2020
Plunderer	3.2	winter	2020
Uchitama?! Have you seen my Tama?	3.1	winter	2020
Infinite Dendrogram	3.1	winter	2020
22/7	3.1	winter	2020
Oda Shinamon Nobunaga	3	winter	2020
Pet	2.9	winter	2020
A Destructive God Sits Next to Me	2.8	winter	2020
Yatogame-chan Kansatsu Nikki 2nd Season	2.7	winter	2020
Breakers	2.5	winter	2020
Sorcerous Stabber Orphen	2.5	winter	2020
